position_id,strategy_id,side,real_t_open_epoch,real_t_open_servidor,replica_t_open,replica_t_open_servidor,delta_t_open_s,signo,delta_precio_open,real_reason_name,n_campos_coinciden,intervalo_inicio_epoch,intervalo_fin_epoch,n_eventos_intervalo,tipo_dominante_intervalo,primer_evento_no_noop,t_primer_evento_no_noop,n_eventos_ejecutor_intervalo,ejecutor_eventos_conteo_json,real_open_en_blocked_window,replica_open_en_blocked_window,eventos_NOOP,eventos_SPREAD_GATE_SKIP,eventos_OPEN_SKIPPED_SL_CROSSED,eventos_TIME_GATE_SKIP,eventos_MODIFY,eventos_SL_CLAMPED,eventos_OPEN,eventos_CLOSE,eventos_FALLBACK_CLOSE_INVALID_SL
55256241,SuperTrend::SuperTrend-p14x3-M15,BUY,1785696303.0,2026-08-02 18:45:03,1785516907.289947,2026-07-31 16:55:07,-179395.71005296707,REPLICA_TEMPRANO,-11.029999999999744,SL,3.0,1785516907.289947,1785696303.0,11377,OPEN,OPEN,1785516907.289947,1,"{""SENT OPEN"": 1}",False,False,11375,0,0,0,1,0,1,0,0
55267287,SuperTrend::SuperTrend-p14x3-M15,BUY,1785782714.0,2026-08-03 18:45:14,1785706861.2499995,2026-08-02 21:41:01,-75852.75000047684,REPLICA_TEMPRANO,0.3000000000001819,SL,2.0,1785706861.2499995,1785782714.0,4917,SPREAD_GATE_SKIP,SL_CLAMPED,1785706861.2499995,162,"{""ALARM"": 1, ""FALLBACK_CLOSE_INVALID_SL"": 3, ""OPEN_SKIPPED_SL_CROSSED"": 117, ""SENT CLOSE"": 1, ""SENT MODIFY"": 17, ""SENT OPEN"": 11, ""SL_CLAMPED"": 3, ""SL_CLAMPED OPEN"": 9}",False,False,4509,369,23,0,9,2,3,2,0
55218465,SAR::S6-K2P0,BUY,1785290243.0,2026-07-29 01:57:23,1785356807.0,2026-07-29 20:26:47,66564.0,REPLICA_TARDE,-42.5,SL,1.0,1785290243.0,1785356807.0,2695,SPREAD_GATE_SKIP,MODIFY,1785290257.77,27,"{""SENT MODIFY"": 22, ""SENT OPEN"": 3, ""SL_CLAMPED OPEN"": 2}",False,False,1223,1325,1,121,18,1,3,3,0
55218387,SAR::S6-K2P0,SELL,1785289240.0,2026-07-29 01:40:40,1785344341.6199446,2026-07-29 16:59:01,55101.61994457245,REPLICA_TARDE,-35.039999999999964,SL,2.0,1785289240.0,1785344341.6199446,1979,SPREAD_GATE_SKIP,CLOSE,1785289241.624,39,"{""FALLBACK_CLOSE_INVALID_SL"": 1, ""OPEN_SKIPPED_SL_CROSSED"": 16, ""SENT MODIFY"": 17, ""SENT OPEN"": 3, ""SL_CLAMPED OPEN"": 2}",False,False,602,1325,29,0,12,3,4,4,0
55292360,SuperTrend::SuperTrend-p14x3-M15,BUY,1785955505.0,2026-08-05 18:45:05,1785972314.0,2026-08-05 23:25:14,16809.0,REPLICA_TARDE,-15.519999999999529,CLIENT_manual,0.0,1785955505.0,1785972314.0,1076,MODIFY,MODIFY,1785957301.7799978,27,"{""ACTIONS_SUMMARY:SAME_BAR_EXIT_FALLBACK"": 1, ""OPEN_SKIPPED_SL_CROSSED"": 4, ""SAME_BAR_EXIT_FALLBACK"": 1, ""SENT MODIFY"": 9, ""SENT OPEN"": 7, ""SL_CLAMPED OPEN"": 5}",False,False,1067,0,0,0,6,1,1,1,0
55217645,SAR::S6-K2P0,BUY,1785275724.0,2026-07-28 21:55:24,1785289504.0,2026-07-29 01:45:04,13780.0,REPLICA_TARDE,-16.539999999999964,EXPERT,0.0,1785275724.0,1785289504.0,1019,OPEN_SKIPPED_SL_CROSSED,MODIFY,1785275738.77,188,"{""FALLBACK_CLOSE_INVALID_SL"": 1, ""OPEN_SKIPPED_SL_CROSSED"": 125, ""SENT CLOSE"": 1, ""SENT MODIFY"": 21, ""SENT OPEN"": 20, ""SL_CLAMPED"": 5, ""SL_CLAMPED OPEN"": 15}",False,False,848,0,83,0,35,27,13,11,2
55217492,SAR::S6-K2P0,SELL,1785274533.0,2026-07-28 21:35:33,1785283032.77,2026-07-28 23:57:12,8499.769999980927,REPLICA_TARDE,-0.7800000000002001,SL,2.0,1785274533.0,1785283032.77,649,OPEN_SKIPPED_SL_CROSSED,OPEN_SKIPPED_SL_CROSSED,1785274547.77,164,"{""OPEN_SKIPPED_SL_CROSSED"": 129, ""SENT CLOSE"": 1, ""SENT MODIFY"": 9, ""SENT OPEN"": 13, ""SL_CLAMPED OPEN"": 12}",False,False,525,0,91,0,14,8,6,5,0
55333601,SuperTrend::SuperTrend-p14x3-M15,BUY,1786401327.0,2026-08-10 22:35:27,1786409783.0,2026-08-11 00:56:23,8456.0,REPLICA_TARDE,21.420000000000076,SL,2.0,1786401327.0,1786409783.0,544,CLOSE,CLOSE,1786409782.676,13,"{""ACTIONS_SUMMARY:SAME_BAR_EXIT_FALLBACK"": 1, ""OPEN_SKIPPED_SL_CROSSED"": 6, ""SAME_BAR_EXIT_FALLBACK"": 1, ""SENT OPEN"": 3, ""SL_CLAMPED OPEN"": 2}",False,False,541,0,0,0,0,1,1,1,0
55293817,SuperTrend::SuperTrend-p14x3-M15,BUY,1785964326.0,2026-08-05 21:12:06,1785972533.77,2026-08-05 23:28:53,8207.769999980927,REPLICA_TARDE,20.329999999999927,SL,2.0,1785964326.0,1785972533.77,534,OPEN_SKIPPED_SL_CROSSED,CLOSE,1785972304.725,16,"{""OPEN_SKIPPED_SL_CROSSED"": 12, ""SENT MODIFY"": 1, ""SENT OPEN"": 1, ""SL_CLAMPED"": 1, ""SL_CLAMPED OPEN"": 1}",False,False,507,0,20,0,1,2,2,2,0
55267286,SAR::S6-K2P0,BUY,1785782714.0,2026-08-03 18:45:14,1785776344.2699685,2026-08-03 16:59:04,-6369.730031490326,REPLICA_TEMPRANO,-1.1799999999998363,EXPERT,3.0,1785776344.2699685,1785782714.0,405,MODIFY,OPEN,1785776344.2699685,2,"{""SENT OPEN"": 2}",False,False,401,0,0,0,3,0,1,0,0
55229919,SuperTrend::SuperTrend-p14x3-M15,SELL,1785350706.0,2026-07-29 18:45:06,1785344341.6199446,2026-07-29 16:59:01,-6364.380055427551,REPLICA_TEMPRANO,15.039999999999964,CLIENT_manual,1.0,1785344341.6199446,1785350706.0,405,OPEN,OPEN,1785344341.6199446,2,"{""SENT OPEN"": 2}",False,False,404,0,0,0,0,0,1,0,0
55279444,SAR::S6-K2P0,SELL,1785869103.0,2026-08-04 18:45:03,1785862743.729938,2026-08-04 16:59:03,-6359.270061969757,REPLICA_TEMPRANO,6.339999999999691,SL,3.0,1785862743.729938,1785869103.0,405,MODIFY,OPEN,1785862743.729938,2,"{""SENT OPEN"": 2}",False,False,400,0,0,0,4,0,1,0,0
55279445,SuperTrend::SuperTrend-p14x3-M15,BUY,1785869103.0,2026-08-04 18:45:03,1785862743.729938,2026-08-04 16:59:03,-6359.270061969757,REPLICA_TEMPRANO,6.349999999999909,SL,3.0,1785862743.729938,1785869103.0,405,OPEN,OPEN,1785862743.729938,2,"{""SENT OPEN"": 2}",False,False,404,0,0,0,0,0,1,0,0
55216338,SAR::S6-K2P0,SELL,1785264307.0,2026-07-28 18:45:07,1785257948.7199554,2026-07-28 16:59:08,-6358.280044555664,REPLICA_TEMPRANO,-12.510000000000218,SL,2.0,1785257948.7199554,1785264307.0,405,MODIFY,OPEN,1785257948.7199554,2,"{""SENT OPEN"": 2}",False,False,401,0,0,0,3,0,1,0,0
55331537,SAR::S6-K2P0,BUY,1786387511.0,2026-08-10 18:45:11,1786381153.4999456,2026-08-10 16:59:13,-6357.500054359436,REPLICA_TEMPRANO,5.190000000000509,SL,3.0,1786381153.4999456,1786387511.0,405,MODIFY,OPEN,1786381153.4999456,2,"{""SENT OPEN"": 2}",False,False,400,0,0,0,4,0,1,0,0
55331538,SuperTrend::SuperTrend-p14x3-M15,BUY,1786387511.0,2026-08-10 18:45:11,1786381153.4999456,2026-08-10 16:59:13,-6357.500054359436,REPLICA_TEMPRANO,5.190000000000509,CLIENT_manual,1.0,1786381153.4999456,1786387511.0,405,MODIFY,OPEN,1786381153.4999456,2,"{""SENT OPEN"": 2}",False,False,401,0,0,0,3,0,1,0,0
55242135,SuperTrend::SuperTrend-p14x3-M15,BUY,1785437100.0,2026-07-30 18:45:00,1785430750.5199394,2026-07-30 16:59:10,-6349.480060577393,REPLICA_TEMPRANO,7.139999999999418,SL,3.0,1785430750.5199394,1785437100.0,404,OPEN,OPEN,1785430750.5199394,2,"{""SENT OPEN"": 2}",False,False,403,0,0,0,0,0,1,0,0
55242134,SAR::S6-K2P0,SELL,1785437100.0,2026-07-30 18:45:00,1785430813.599939,2026-07-30 17:00:13,-6286.400060892105,REPLICA_TEMPRANO,7.029999999999745,SL,3.0,1785430813.599939,1785437100.0,400,MODIFY,OPEN,1785430813.599939,2,"{""SENT OPEN"": 2}",False,False,396,0,0,0,3,0,1,0,0
55229918,SAR::S6-K2P0,BUY,1785350706.0,2026-07-29 18:45:06,1785356853.0,2026-07-29 20:27:33,6147.0,REPLICA_TARDE,6.150000000000091,SL,2.0,1785350706.0,1785356853.0,400,MODIFY,MODIFY,1785351603.0,12,"{""OPEN_SKIPPED_SL_CROSSED"": 3, ""SENT MODIFY"": 6, ""SENT OPEN"": 1, ""SL_CLAMPED OPEN"": 2}",False,False,384,0,4,0,6,2,2,2,0
55218120,SAR::S6-K2P0,SELL,1785283209.0,2026-07-29 00:00:09,1785288720.77,2026-07-29 01:32:00,5511.7699999809265,REPLICA_TARDE,-7.400000000000091,SL,2.0,1785283209.0,1785288720.77,356,OPEN_SKIPPED_SL_CROSSED,MODIFY,1785284105.0,12,"{""OPEN_SKIPPED_SL_CROSSED"": 7, ""SENT MODIFY"": 5}",False,False,338,0,10,0,5,1,1,1,0
55218420,SAR::S6-K2P0,BUY,1785289505.0,2026-07-29 01:45:05,1785290210.0,2026-07-29 01:56:50,705.0,REPLICA_TARDE,7.700000000000273,SL,2.0,1785289505.0,1785290210.0,48,CLOSE,CLOSE,1785290196.221,3,"{""SENT MODIFY"": 1, ""SENT OPEN"": 1, ""SL_CLAMPED OPEN"": 1}",False,False,44,0,1,0,0,1,1,1,0
55295218,SuperTrend::SuperTrend-p14x3-M15,BUY,1785972566.0,2026-08-05 23:29:26,1785973211.2499995,2026-08-05 23:40:11,645.2499995231628,REPLICA_TARDE,0.3900000000003274,SL,2.0,1785972566.0,1785973211.2499995,45,CLOSE,CLOSE,1785972815.321,2,"{""SENT OPEN"": 1, ""SL_CLAMPED OPEN"": 1}",False,False,37,0,0,0,2,2,2,2,0
55334110,SuperTrend::SuperTrend-p14x3-M15,BUY,1786409784.0,2026-08-11 00:56:24,1786410382.77,2026-08-11 01:06:22,598.7699999809265,REPLICA_TARDE,0.4000000000005457,SL,2.0,1786409784.0,1786410382.77,44,OPEN_SKIPPED_SL_CROSSED,SL_CLAMPED,1786409784.0,5,"{""OPEN_SKIPPED_SL_CROSSED"": 3, ""SENT MODIFY"": 1, ""SENT OPEN"": 1}",False,False,34,0,4,0,2,2,1,1,0
55295271,SuperTrend::SuperTrend-p14x3-M15,BUY,1785972818.0,2026-08-05 23:33:38,1785973321.0,2026-08-05 23:42:01,503.0,REPLICA_TARDE,0.4099999999998545,SL,2.0,1785972818.0,1785973321.0,39,OPEN_SKIPPED_SL_CROSSED,SL_CLAMPED,1785972832.77,5,"{""OPEN_SKIPPED_SL_CROSSED"": 5}",False,False,24,0,7,0,2,2,2,2,0
55295210,SuperTrend::SuperTrend-p14x3-M15,BUY,1785972535.0,2026-08-05 23:28:55,1785972817.0,2026-08-05 23:33:37,282.0,REPLICA_TARDE,0.4700000000002546,SL,2.0,1785972535.0,1785972817.0,22,CLOSE,CLOSE,1785972546.975,4,"{""OPEN_SKIPPED_SL_CROSSED"": 1, ""SENT OPEN"": 2, ""SL_CLAMPED OPEN"": 1}",False,False,16,0,1,0,0,1,2,2,0
55295132,SuperTrend::SuperTrend-p14x3-M15,BUY,1785972315.0,2026-08-05 23:25:15,1785972564.77,2026-08-05 23:29:24,249.7699999809265,REPLICA_TARDE,-0.9099999999998544,SL,2.0,1785972315.0,1785972564.77,30,OPEN_SKIPPED_SL_CROSSED,MODIFY,1785972329.0,17,"{""OPEN_SKIPPED_SL_CROSSED"": 13, ""SENT MODIFY"": 1, ""SENT OPEN"": 1, ""SL_CLAMPED"": 1, ""SL_CLAMPED OPEN"": 1}",False,False,1,0,21,0,2,2,2,2,0
55280254,SuperTrend::SuperTrend-p14x3-M15,SELL,1785878338.0,2026-08-04 21:18:58,1785878118.0,2026-08-04 21:15:18,-220.0,REPLICA_TEMPRANO,0.0,SL,3.0,1785878118.0,1785878338.0,26,OPEN_SKIPPED_SL_CROSSED,SL_CLAMPED,1785878118.0,17,"{""OPEN_SKIPPED_SL_CROSSED"": 13, ""SENT MODIFY"": 1, ""SENT OPEN"": 1, ""SL_CLAMPED"": 1, ""SL_CLAMPED OPEN"": 1}",False,False,0,0,23,0,0,1,1,0,1
55318627,SuperTrend::SuperTrend-p14x3-M15,BUY,1786310012.0,2026-08-09 21:13:32,1786309838.0,2026-08-09 21:10:38,-174.0,REPLICA_TEMPRANO,-0.0799999999999272,SL,2.0,1786309838.0,1786310012.0,23,OPEN_SKIPPED_SL_CROSSED,SL_CLAMPED,1786309838.0,13,"{""OPEN_SKIPPED_SL_CROSSED"": 11, ""SENT OPEN"": 1, ""SL_CLAMPED OPEN"": 1}",False,False,0,0,20,0,0,1,1,1,0
55218381,SAR::S6-K2P0,SELL,1785289051.0,2026-07-29 01:37:31,1785289207.0,2026-07-29 01:40:07,156.0,REPLICA_TARDE,-0.2100000000000363,SL,2.0,1785289051.0,1785289207.0,17,OPEN_SKIPPED_SL_CROSSED,MODIFY,1785289065.77,6,"{""OPEN_SKIPPED_SL_CROSSED"": 3, ""SENT MODIFY"": 1, ""SENT OPEN"": 1, ""SL_CLAMPED OPEN"": 1}",False,False,6,0,4,0,1,2,2,2,0
55218362,SAR::S6-K2P0,SELL,1785288863.0,2026-07-29 01:34:23,1785289017.77,2026-07-29 01:36:57,154.7699999809265,REPLICA_TARDE,-0.25,SL,3.0,1785288863.0,1785289017.77,16,OPEN_SKIPPED_SL_CROSSED,MODIFY,1785288877.77,9,"{""OPEN_SKIPPED_SL_CROSSED"": 7, ""SENT OPEN"": 1, ""SL_CLAMPED OPEN"": 1}",False,False,0,0,12,0,1,1,1,1,0
55218379,SAR::S6-K2P0,SELL,1785289019.0,2026-07-29 01:36:59,1785289160.0,2026-07-29 01:39:20,141.0,REPLICA_TARDE,-0.349999999999909,SL,2.0,1785289019.0,1785289160.0,18,MODIFY,SL_CLAMPED,1785289019.0,7,"{""SENT MODIFY"": 2, ""SENT OPEN"": 3, ""SL_CLAMPED OPEN"": 2}",False,False,6,0,0,0,4,4,2,2,0
55217634,SAR::S6-K2P0,BUY,1785275582.0,2026-07-28 21:53:02,1785275722.77,2026-07-28 21:55:22,140.7699999809265,REPLICA_TARDE,0.0700000000001637,SL,2.0,1785275582.0,1785275722.77,17,OPEN_SKIPPED_SL_CROSSED,CLOSE,1785275589.311,10,"{""OPEN_SKIPPED_SL_CROSSED"": 8, ""SENT OPEN"": 1, ""SL_CLAMPED OPEN"": 1}",False,False,1,0,13,0,0,1,1,1,0
55218376,SAR::S6-K2P0,SELL,1785288925.0,2026-07-29 01:35:25,1785289049.77,2026-07-29 01:37:29,124.76999998092651,REPLICA_TARDE,-0.0199999999999818,SL,2.0,1785288925.0,1785289049.77,18,OPEN_SKIPPED_SL_CROSSED,OPEN_SKIPPED_SL_CROSSED,1785288925.0,10,"{""OPEN_SKIPPED_SL_CROSSED"": 5, ""SENT MODIFY"": 1, ""SENT OPEN"": 2, ""SL_CLAMPED OPEN"": 2}",False,False,0,0,8,0,3,4,2,1,0
55218357,SAR::S6-K2P0,SELL,1785288738.0,2026-07-29 01:32:18,1785288861.77,2026-07-29 01:34:21,123.76999998092651,REPLICA_TARDE,-0.2400000000002364,SL,2.0,1785288738.0,1785288861.77,12,OPEN_SKIPPED_SL_CROSSED,CLOSE,1785288784.583,5,"{""OPEN_SKIPPED_SL_CROSSED"": 5}",False,False,3,0,6,0,0,1,1,1,0
55218101,SAR::S6-K2P0,SELL,1785283129.0,2026-07-28 23:58:49,1785283207.77,2026-07-29 00:00:07,78.76999998092651,REPLICA_TARDE,-0.8700000000003456,SL,2.0,1785283129.0,1785283207.77,18,MODIFY,SL_CLAMPED,1785283129.0,10,"{""SENT MODIFY"": 4, ""SENT OPEN"": 1, ""SL_CLAMPED"": 4, ""SL_CLAMPED OPEN"": 1}",False,False,0,0,0,0,8,8,1,1,0
55218383,SAR::S6-K2P0,SELL,1785289161.0,2026-07-29 01:39:21,1785289238.77,2026-07-29 01:40:38,77.76999998092651,REPLICA_TARDE,-0.0799999999999272,SL,2.0,1785289161.0,1785289238.77,11,OPEN_SKIPPED_SL_CROSSED,CLOSE,1785289169.713,4,"{""OPEN_SKIPPED_SL_CROSSED"": 4}",False,False,0,0,5,0,0,2,2,1,1
55205837,SAR::S6-K2P0,SELL,1785178410.0,2026-07-27 18:53:30,1785178349.0,2026-07-27 18:52:29,-61.0,REPLICA_TEMPRANO,0.6900000000000546,EXPERT,2.0,1785178349.0,1785178410.0,9,OPEN,OPEN,1785178349.0,13,"{""OTRO"": 3, ""SENT OPEN"": 10}",False,False,8,0,0,0,0,0,1,0,0
55205838,SuperTrend::SuperTrend-p14x3-M15,SELL,1785178410.0,2026-07-27 18:53:30,1785178349.0,2026-07-27 18:52:29,-61.0,REPLICA_TEMPRANO,0.6900000000000546,CLIENT_manual,1.0,1785178349.0,1785178410.0,9,OPEN,OPEN,1785178349.0,13,"{""OTRO"": 3, ""SENT OPEN"": 10}",False,False,8,0,0,0,0,0,1,0,0
55230389,SAR::S6-K2P0,BUY,1785356808.0,2026-07-29 20:26:48,1785356868.77,2026-07-29 20:27:48,60.769999980926514,REPLICA_TARDE,0.0199999999999818,SL,2.0,1785356808.0,1785356868.77,9,OPEN_SKIPPED_SL_CROSSED,CLOSE,1785356813.182,3,"{""OPEN_SKIPPED_SL_CROSSED"": 3}",False,False,0,0,3,0,0,2,2,2,0
