tipo_fila,pareja,position_id,strategy_id,real_side,real_t_open_epoch,real_t_open_servidor,real_precio_open,real_t_close_epoch,real_t_close_servidor,real_precio_close,real_reason_name,real_profit_clp,real_volume,real_profit_por_lote_clp,real_resultado,excluido_criterio,categoria_exclusion,real_sl_status,real_sl_enviado,replica_side,replica_t_open,replica_t_open_servidor,replica_precio_open,replica_t_close,replica_t_close_servidor,replica_precio_close,replica_motivo_cierre,replica_sl_open_enviado,replica_resultado,delta_precio_open,delta_t_open_s,delta_t_close_s,delta_precio_close,coincide_precio_open,coincide_t_open,coincide_t_close,coincide_precio_close,coincide_razon_cierre,razon_cierre_no_evaluable,coincide_resultado,sl_evaluable,delta_sl,coincide_sl,n_campos_coinciden,casa_6_campos,categoria_conocida,real_bruto_usd,tasa_implicita,replica_bruto_usd,replica_close_day,tasa_dia_replica,replica_profit_clp_estimado,poblacion_a_emparejada_evaluable,poblacion_b_incluida,poblacion_c_matched,diff_bruto_usd
REAL,EMPAREJADA,55205837.0,SAR::S6-K2P0,SELL,1785178410.0,2026-07-27 18:53:30,4074.16,1785204008.0,2026-07-28 02:00:08,4046.09,EXPERT,1767284.39,0.67,2637737.895522388,GANADORA,False,,NO_LOGUEADO,,S,1785178349.0,2026-07-27 18:52:29,4073.47,1785204007.889999,2026-07-28 02:00:07,4046.23,CLOSE_RECONCILER,4082.0260122364616,GANADORA,0.6900000000000546,61.0,0.1100010871887207,-0.1399999999998726,False,False,False,False,True,False,True,False,,,2.0,False,PRIMERA_ORDEN_RETCODE_10027_60S,1880.6899999999807,939.6999984048504,1825.0799999999856,2026-07-28,932.1500168845379,1701248.352815619,True,True,True,-55.609999999995125
REAL,EMPAREJADA,55216338.0,SAR::S6-K2P0,SELL,1785264307.0,2026-07-28 18:45:07,4017.87,1785268336.0,2026-07-28 19:52:16,4024.61,SL,-420646.77,0.67,-627831.0,PERDEDORA,False,,NO_LOGUEADO,,S,1785257948.7199554,2026-07-28 16:59:08,4030.38,1785268336.309,2026-07-28 19:52:16,4024.75,SL,4032.217096442862,GANADORA,-12.510000000000218,6358.280044555664,-0.309000015258789,-0.1399999999998726,False,False,True,False,True,False,False,False,,,2.0,False,,-451.58000000001584,931.4999999999674,377.2100000000073,2026-07-28,932.1500168845379,351616.30786902335,True,True,True,828.7900000000232
REAL,EMPAREJADA,55216715.0,SAR::S6-K2P0,SELL,1785268357.0,2026-07-28 19:52:37,4023.99,1785268575.0,2026-07-28 19:56:15,4024.61,SL,-38694.51,0.67,-57753.0,PERDEDORA,False,,CLAMPED,4024.99,S,1785268356.0,2026-07-28 19:52:36,4023.97,1785268575.299,2026-07-28 19:56:15,4024.67,SL,4024.97,PERDEDORA,0.0199999999999818,1.0,-0.2990000247955322,-0.0599999999999454,False,False,True,False,True,False,True,True,0.0199999999999818,False,3.0,False,,-41.540000000023156,931.4999999994808,-46.90000000001828,2026-07-28,932.1500168845379,-43717.83579190187,True,True,True,-5.359999999995125
REAL,EMPAREJADA,55216738.0,SAR::S6-K2P0,SELL,1785268578.0,2026-07-28 19:56:18,4023.91,1785268594.0,2026-07-28 19:56:34,4024.79,EXPERT,-54921.24,0.67,-81971.99999999999,PERDEDORA,False,,CLAMPED,4024.91,S,1785268624.77,2026-07-28 19:57:04,4024.01,1785268630.703,2026-07-28 19:57:10,4025.06,SL,4025.01,PERDEDORA,-0.1000000000003638,-46.769999980926514,-36.70300006866455,-0.2699999999999818,False,False,False,False,False,False,True,True,-0.1000000000003638,False,1.0,False,,-58.96000000000732,931.4999999998844,-70.34999999998173,2026-07-28,932.1500168845379,-65576.75368781021,True,True,True,-11.389999999974414
REAL,EMPAREJADA,55217178.0,SAR::S6-K2P0,SELL,1785272406.0,2026-07-28 21:00:06,4019.93,1785274486.0,2026-07-28 21:34:46,4023.22,SL,-205330.55,0.67,-306463.5074626865,PERDEDORA,False,,NO_LOGUEADO,,S,1785272405.0,2026-07-28 21:00:05,4020.71,1785274486.69,2026-07-28 21:34:46,4023.26,SL,4040.050000000001,PERDEDORA,-0.7800000000002001,1.0,-0.690000057220459,-0.0400000000004183,False,False,True,False,True,False,True,False,,,3.0,False,,-220.4299999999976,931.500022682948,-170.85000000001222,2026-07-28,932.1500168845379,-159257.83038473467,True,True,True,49.579999999985375
REAL,EMPAREJADA,55217492.0,SAR::S6-K2P0,SELL,1785274533.0,2026-07-28 21:35:33,4022.58,1785274535.0,2026-07-28 21:35:35,4023.62,SL,-64906.92,0.67,-96876.0,PERDEDORA,False,,CLAMPED,4023.62,S,1785283032.77,2026-07-28 23:57:12,4023.36,1785283037.042,2026-07-28 23:57:17,4024.36,SL,4024.36,PERDEDORA,-0.7800000000002001,-8499.769999980927,-8502.042000055313,-0.7400000000002365,False,False,False,False,True,False,True,True,-0.7400000000002365,False,2.0,False,,-69.67999999999756,931.5000000000325,-67.0,2026-07-28,932.1500168845379,-62454.05113126404,True,True,True,2.6799999999975626
REAL,EMPAREJADA,55217571.0,SAR::S6-K2P0,BUY,1785275111.0,2026-07-28 21:45:11,4027.76,1785275487.0,2026-07-28 21:51:27,4023.22,SL,-283343.67,0.67,-422901.0,PERDEDORA,False,,NO_LOGUEADO,,L,1785275110.0,2026-07-28 21:45:10,4027.57,1785275487.087,2026-07-28 21:51:27,4023.13,SL,4023.2186397525807,PERDEDORA,0.1900000000000545,1.0,-0.0869998931884765,0.0899999999996907,False,False,True,False,True,False,True,False,,,3.0,False,,-304.18000000002803,931.499999999914,-297.48000000000366,2026-07-28,932.1500168845379,-277295.98702281574,True,True,True,6.7000000000243745
REAL,EMPAREJADA,55217617.0,SAR::S6-K2P0,BUY,1785275488.0,2026-07-28 21:51:28,4023.79,1785275493.0,2026-07-28 21:51:33,4022.79,SL,-62410.5,0.67,-93150.0,PERDEDORA,False,,CLAMPED,4022.79,L,1785275502.77,2026-07-28 21:51:42,4024.17,1785275515.222,2026-07-28 21:51:55,4023.16,SL,4023.17,PERDEDORA,-0.3800000000001091,-14.769999980926514,-22.221999883651733,-0.3699999999998908,False,False,False,False,True,False,True,True,-0.3800000000001091,False,2.0,False,,-67.0,931.5,-67.67000000001462,2026-07-28,932.1500168845379,-63078.59164259031,True,True,True,-0.6700000000146247
REAL,EMPAREJADA,55217619.0,SAR::S6-K2P0,BUY,1785275504.0,2026-07-28 21:51:44,4024.34,1785275514.0,2026-07-28 21:51:54,4023.22,SL,-69899.76,0.67,-104328.0,PERDEDORA,False,,NO_LOGUEADO,,L,1785275518.77,2026-07-28 21:51:58,4023.73,1785275567.706,2026-07-28 21:52:47,4023.19,SL,4022.73,PERDEDORA,0.6100000000001273,-14.769999980926514,-53.706000089645386,0.0299999999997453,False,False,False,False,True,False,True,False,,,2.0,False,,-75.04000000002316,931.4999999997125,-36.17999999999756,2026-07-28,932.1500168845379,-33725.18761088031,True,True,True,38.86000000002559
REAL,EMPAREJADA,55217627.0,SAR::S6-K2P0,BUY,1785275535.0,2026-07-28 21:52:15,4024.19,1785275567.0,2026-07-28 21:52:47,4023.19,SL,-62410.5,0.67,-93150.0,PERDEDORA,False,,CLAMPED,4023.19,L,1785275581.0,2026-07-28 21:53:01,4024.26,1785275589.311,2026-07-28 21:53:09,4023.05,SL,4023.2186397525807,PERDEDORA,-0.0700000000001637,-46.0,-22.311000108718872,0.1399999999998726,False,False,False,False,True,False,True,True,-0.0286397525806023,False,2.0,False,,-67.0,931.5,-81.07000000000244,2026-07-28,932.1500168845379,-75569.40186883176,True,True,True,-14.070000000002437
REAL,EMPAREJADA,55217634.0,SAR::S6-K2P0,BUY,1785275582.0,2026-07-28 21:53:02,4024.06,1785275589.0,2026-07-28 21:53:09,4023.03,SL,-64282.82,0.67,-95944.50746268655,PERDEDORA,False,,CLAMPED,4023.03,L,1785275722.77,2026-07-28 21:55:22,4023.99,1785282851.868,2026-07-28 23:54:11,4023.85,SL,4022.99,PERDEDORA,0.0700000000001637,-140.7699999809265,-7262.868000030518,-0.819999999999709,False,False,False,False,True,False,True,True,0.0400000000004183,False,2.0,False,,-69.00999999998294,931.500072453498,-9.37999999999147,2026-07-28,932.1500168845379,-8743.567158369015,True,True,True,59.62999999999147
REAL,EMPAREJADA,55217645.0,SAR::S6-K2P0,BUY,1785275724.0,2026-07-28 21:55:24,4023.86,1785282310.0,2026-07-28 23:45:10,4025.93,EXPERT,129051.05,0.67,192613.50746268657,GANADORA,False,,CLAMPED,4022.82,L,1785289504.0,2026-07-29 01:45:04,4040.4,1785290196.221,2026-07-29 01:56:36,4031.74,SL,4031.841389141504,PERDEDORA,-16.539999999999964,-13780.0,-7886.220999956131,-5.809999999999945,False,False,False,False,False,False,False,True,-9.021389141503732,False,0.0,False,,138.6899999999805,930.5000360517568,-580.2200000000208,2026-07-29,932.2000091204891,-540881.0892919096,True,True,True,-718.9100000000013
REAL,EMPAREJADA,55218088.0,SAR::S6-K2P0,SELL,1785283034.0,2026-07-28 23:57:14,4023.39,1785283044.0,2026-07-28 23:57:24,4024.39,SL,-62410.5,0.67,-93150.0,PERDEDORA,False,,CLAMPED,4024.39,S,1785283080.77,2026-07-28 23:58:00,4023.46,1785283112.77,2026-07-28 23:58:32,4024.11,FALLBACK_CLOSE_INVALID_SL,4024.46,PERDEDORA,-0.0700000000001637,-46.769999980926514,-68.76999998092651,0.2799999999997453,False,False,False,False,True,False,True,True,-0.0700000000001637,False,2.0,False,,-67.0,931.5,-43.550000000006094,2026-07-28,932.1500168845379,-40595.1332353273,True,True,True,23.449999999993906
REAL,EMPAREJADA,55218093.0,SAR::S6-K2P0,SELL,1785283082.0,2026-07-28 23:58:02,4023.46,1785283113.0,2026-07-28 23:58:33,4024.04,EXPERT,-36198.09,0.67,-54026.99999999999,PERDEDORA,False,,CLAMPED,4024.46,S,1785283128.77,2026-07-28 23:58:48,4023.14,1785283201.303,2026-07-29 00:00:01,4024.53,SL,4024.14,PERDEDORA,0.3200000000001637,-46.769999980926514,-88.30299997329712,-0.4900000000002364,False,False,False,False,False,False,True,True,0.3200000000001637,False,1.0,False,,-38.859999999995125,931.5000000001168,-93.13000000002194,2026-07-29,932.2000091204891,-86815.7868494116,True,True,True,-54.27000000002681
REAL,EMPAREJADA,55218101.0,SAR::S6-K2P0,SELL,1785283129.0,2026-07-28 23:58:49,4023.14,1785283201.0,2026-07-29 00:00:01,4024.29,SL,-71772.08,0.67,-107122.50746268655,PERDEDORA,False,,CLAMPED,4024.14,S,1785283207.77,2026-07-29 00:00:07,4024.01,1785288600.747,2026-07-29 01:30:00,4032.27,SL,4042.084999999999,PERDEDORA,-0.8700000000003456,-78.76999998092651,-5399.746999979019,-7.980000000000018,False,False,False,False,True,False,True,True,-17.944999999999254,False,2.0,False,,-77.05000000000611,931.5000648928528,-553.4199999999842,2026-07-29,932.2000091204891,-515898.1290474463,True,True,True,-476.36999999997806
REAL,EMPAREJADA,55218120.0,SAR::S6-K2P0,SELL,1785283209.0,2026-07-29 00:00:09,4023.69,1785288600.0,2026-07-29 01:30:00,4032.22,SL,-532361.57,0.67,-794569.5074626864,PERDEDORA,False,,NO_LOGUEADO,,S,1785288720.77,2026-07-29 01:32:00,4031.09,1785288727.348,2026-07-29 01:32:07,4032.1,SL,4032.09,PERDEDORA,-7.400000000000091,-5511.769999980927,-127.34800004959106,0.1199999999998908,False,False,False,False,True,False,True,False,,,2.0,False,,-571.509999999983,931.5000087487808,-67.66999999998417,2026-07-29,932.2000091204891,-63081.974617168744,True,True,True,503.8399999999989
REAL,EMPAREJADA,55218354.0,SAR::S6-K2P0,SELL,1785288722.0,2026-07-29 01:32:02,4030.39,1785288727.0,2026-07-29 01:32:07,4032.09,SL,-106097.85,0.67,-158355.0,PERDEDORA,False,,NO_LOGUEADO,,S,1785288736.77,2026-07-29 01:32:16,4030.91,1785288784.583,2026-07-29 01:33:04,4032.14,SL,4032.0884190754655,PERDEDORA,-0.5199999999999818,-14.769999980926514,-57.58299994468689,-0.0499999999997271,False,False,False,False,True,False,True,False,,,2.0,False,,-113.9000000000183,931.4999999998504,-82.41000000000123,2026-07-29,932.2000091204891,-76822.60275162065,True,True,True,31.490000000017062
REAL,EMPAREJADA,55218357.0,SAR::S6-K2P0,SELL,1785288738.0,2026-07-29 01:32:18,4030.91,1785288784.0,2026-07-29 01:33:04,4032.09,SL,-73644.39,0.67,-109917.0,PERDEDORA,False,,NO_LOGUEADO,,S,1785288861.77,2026-07-29 01:34:21,4031.15,1785288887.252,2026-07-29 01:34:47,4032.11,SL,4032.15,PERDEDORA,-0.2400000000002364,-123.76999998092651,-103.25200009346008,-0.0199999999999818,False,False,False,False,True,False,True,False,,,2.0,False,,-79.0600000000195,931.4999999997702,-64.32000000000244,2026-07-29,932.2000091204891,-59959.10458663213,True,True,True,14.740000000017062
REAL,EMPAREJADA,55218362.0,SAR::S6-K2P0,SELL,1785288863.0,2026-07-29 01:34:23,4031.0,1785288887.0,2026-07-29 01:34:47,4032.09,SL,-68027.45,0.67,-101533.50746268655,PERDEDORA,False,,NO_LOGUEADO,,S,1785289017.77,2026-07-29 01:36:57,4031.25,1785289045.462,2026-07-29 01:37:25,4032.09,SL,4032.25,PERDEDORA,-0.25,-154.7699999809265,-158.46199989318848,0.0,False,False,False,True,True,False,True,False,,,3.0,False,,-73.03000000000975,931.50006846489,-56.28000000000976,2026-07-29,932.2000091204891,-52464.216513310224,True,True,True,16.749999999999993
REAL,EMPAREJADA,55218376.0,SAR::S6-K2P0,SELL,1785288925.0,2026-07-29 01:35:25,4031.54,1785288930.0,2026-07-29 01:35:30,4032.54,SL,-62410.5,0.67,-93150.0,PERDEDORA,False,,CLAMPED,4032.54,S,1785289049.77,2026-07-29 01:37:29,4031.56,1785289148.463,2026-07-29 01:39:08,4032.11,SL,4032.56,PERDEDORA,-0.0199999999999818,-124.76999998092651,-218.4630000591278,0.4299999999998363,False,False,False,False,True,False,True,True,-0.0199999999999818,False,2.0,False,,-67.0,931.5,-36.85000000001219,2026-07-29,932.2000091204891,-34351.57033610138,True,True,True,30.149999999987813
REAL,EMPAREJADA,55218379.0,SAR::S6-K2P0,SELL,1785289019.0,2026-07-29 01:36:59,4031.09,1785289045.0,2026-07-29 01:37:25,4032.09,SL,-62410.5,0.67,-93150.0,PERDEDORA,False,,CLAMPED,4032.28,S,1785289160.0,2026-07-29 01:39:20,4031.44,1785289169.713,2026-07-29 01:39:29,4032.44,SL,4032.44,PERDEDORA,-0.349999999999909,-141.0,-124.7130000591278,-0.349999999999909,False,False,False,False,True,False,True,True,-0.1599999999998544,False,2.0,False,,-67.0,931.5,-67.0,2026-07-29,932.2000091204891,-62457.40061107277,True,True,True,0.0
REAL,EMPAREJADA,55218381.0,SAR::S6-K2P0,SELL,1785289051.0,2026-07-29 01:37:31,4031.33,1785289148.0,2026-07-29 01:39:08,4032.09,SL,-47431.98,0.67,-70794.0,PERDEDORA,False,,CLAMPED,4032.36,S,1785289207.0,2026-07-29 01:40:07,4031.54,1785289222.77,2026-07-29 01:40:22,4032.27,FALLBACK_CLOSE_INVALID_SL,4032.54,PERDEDORA,-0.2100000000000363,-156.0,-74.76999998092651,-0.1799999999998363,False,False,False,False,True,False,True,True,-0.1799999999998363,False,2.0,False,,-50.92000000001463,931.4999999997324,-48.91000000000122,2026-07-29,932.2000091204891,-45593.902446084256,True,True,True,2.010000000013413
REAL,EMPAREJADA,55218383.0,SAR::S6-K2P0,SELL,1785289161.0,2026-07-29 01:39:21,4031.17,1785289168.0,2026-07-29 01:39:28,4032.17,SL,-62410.5,0.67,-93150.0,PERDEDORA,False,,CLAMPED,4032.17,S,1785289238.77,2026-07-29 01:40:38,4031.25,1785289241.624,2026-07-29 01:40:41,4032.25,SL,4032.25,PERDEDORA,-0.0799999999999272,-77.76999998092651,-73.62400007247925,-0.0799999999999272,False,False,False,False,True,False,True,True,-0.0799999999999272,False,2.0,False,,-67.0,931.5,-67.0,2026-07-29,932.2000091204891,-62457.40061107277,True,True,True,0.0
REAL,EMPAREJADA,55218387.0,SAR::S6-K2P0,SELL,1785289240.0,2026-07-29 01:40:40,4031.23,1785289241.0,2026-07-29 01:40:41,4032.23,SL,-62410.5,0.67,-93150.0,PERDEDORA,False,,CLAMPED,4032.23,S,1785344341.6199446,2026-07-29 16:59:01,4066.27,1785348801.427,2026-07-29 18:13:21,4076.51,SL,4076.741603255335,PERDEDORA,-35.039999999999964,-55101.61994457245,-59560.42700004578,-44.2800000000002,False,False,False,False,True,False,True,True,-44.5116032553351,False,2.0,False,,-67.0,931.5,-686.080000000016,2026-07-29,932.2000091204891,-639563.7822574,True,True,True,-619.080000000016
REAL,EMPAREJADA,55218420.0,SAR::S6-K2P0,BUY,1785289505.0,2026-07-29 01:45:05,4040.15,1785290196.0,2026-07-29 01:56:36,4031.84,SL,-518631.26,0.67,-774076.5074626865,PERDEDORA,False,,NO_LOGUEADO,,L,1785290210.0,2026-07-29 01:56:50,4032.45,1785290216.824,2026-07-29 01:56:56,4031.44,SL,4031.45,PERDEDORA,7.700000000000273,-705.0,-20.823999881744385,0.4000000000000909,False,False,False,False,True,False,True,False,,,2.0,False,,-556.7699999999963,931.500008980375,-67.66999999998417,2026-07-29,932.2000091204891,-63081.974617168744,True,True,True,489.1000000000122
REAL,EMPAREJADA,55218462.0,SAR::S6-K2P0,BUY,1785290211.0,2026-07-29 01:56:51,4032.39,1785290227.0,2026-07-29 01:57:07,4031.83,EXPERT,-34949.88,0.67,-52163.99999999999,PERDEDORA,False,,CLAMPED,4031.39,L,1785290241.77,2026-07-29 01:57:21,4032.81,1785299157.043,2026-07-29 04:25:57,4036.79,SL,4031.81,GANADORA,-0.4200000000000727,-30.769999980926517,-8930.042999982834,-4.960000000000036,False,False,False,False,False,False,False,True,-0.4200000000000727,False,0.0,False,,-37.519999999996344,931.5000000000907,266.6600000000012,2026-07-29,932.2000091204891,248580.45443207075,True,True,True,304.17999999999756
REAL,EMPAREJADA,55218465.0,SAR::S6-K2P0,BUY,1785290243.0,2026-07-29 01:57:23,4032.85,1785299155.0,2026-07-29 04:25:55,4036.86,SL,249997.44,0.67,373130.50746268657,GANADORA,False,,CLAMPED,4031.81,L,1785356807.0,2026-07-29 20:26:47,4075.35,1785356813.182,2026-07-29 20:26:53,4074.27,SL,4074.35,PERDEDORA,-42.5,-66564.0,-57658.1819999218,-37.409999999999854,False,False,False,False,True,False,False,True,-42.53999999999997,False,1.0,False,,268.6700000000146,930.5000186101403,-72.35999999999513,2026-07-29,932.2000091204891,-67453.99265995405,True,True,True,-341.03000000000975
REPLICA_SIN_PAREJA,SIN_PAREJA,,SAR::S6-K2P0,,,,,,,,,,,,,False,,,,L,1785350705.0,2026-07-29 18:45:05,4081.81,1785356798.846,2026-07-29 20:26:38,4074.67,SL,4046.870097079976,PERDEDORA,,,,,,,,,,,,,,,,,,,,-478.3799999999915,2026-07-29,932.2000091204891,-445945.8403630517,False,True,False,
REAL,EMPAREJADA,55229918.0,SAR::S6-K2P0,BUY,1785350706.0,2026-07-29 18:45:06,4081.81,1785356798.0,2026-07-29 20:26:38,4074.74,SL,-442426.46,0.67,-660338.0,PERDEDORA,False,,NO_LOGUEADO,,L,1785356853.0,2026-07-29 20:27:33,4075.66,1785356854.51,2026-07-29 20:27:34,4074.49,SL,4074.66,PERDEDORA,6.150000000000091,-6147.0,-56.50999999046326,0.25,False,False,False,False,True,False,True,False,,,2.0,False,,-473.69000000001097,933.9999999999784,-78.39000000000487,2026-07-29,932.2000091204891,-73075.15871495969,True,True,True,395.3000000000061
REAL,EMPAREJADA,55230389.0,SAR::S6-K2P0,BUY,1785356808.0,2026-07-29 20:26:48,4075.34,1785356813.0,2026-07-29 20:26:53,4074.34,SL,-62578.0,0.67,-93400.0,PERDEDORA,False,,CLAMPED,4074.34,L,1785356868.77,2026-07-29 20:27:48,4075.32,1785356870.524,2026-07-29 20:27:50,4074.19,SL,4074.32,PERDEDORA,0.0199999999999818,-60.769999980926514,-57.5239999294281,0.1500000000000909,False,False,False,False,True,False,True,True,0.0199999999999818,False,2.0,False,,-67.0,934.0,-75.71000000000731,2026-07-29,932.2000091204891,-70576.86269051905,True,True,True,-8.710000000007312
REAL,EMPAREJADA,55230406.0,SAR::S6-K2P0,BUY,1785356917.0,2026-07-29 20:28:37,4075.58,1785356920.0,2026-07-29 20:28:40,4074.58,SL,-62578.0,0.67,-93400.0,PERDEDORA,False,,CLAMPED,4074.58,L,1785356915.77,2026-07-29 20:28:35,4075.35,1785356924.748,2026-07-29 20:28:44,4074.38,SL,4074.35,PERDEDORA,0.2300000000000182,1.2300000190734863,-4.747999906539917,0.1999999999998181,False,False,False,False,True,False,True,True,0.2300000000000182,False,2.0,False,,-67.0,934.0,-64.98999999998661,2026-07-29,932.2000091204891,-60583.6785927281,True,True,True,2.0100000000133917
REAL,EMPAREJADA,55230408.0,SAR::S6-K2P0,BUY,1785356949.0,2026-07-29 20:29:09,4076.18,1785356985.0,2026-07-29 20:29:45,4074.74,SL,-90112.32,0.67,-134496.0,PERDEDORA,False,,NO_LOGUEADO,,L,1785356947.77,2026-07-29 20:29:07,4076.16,1785356985.553,2026-07-29 20:29:45,4074.6,SL,4074.73625227856,PERDEDORA,0.0199999999999818,1.2300000190734863,-0.5529999732971191,0.1399999999998726,False,False,True,False,True,False,True,False,,,3.0,False,,-96.48000000000366,933.9999999999646,-104.51999999999634,2026-07-29,932.2000091204891,-97433.54495327012,True,True,True,-8.039999999992688
REAL,EMPAREJADA,55230412.0,SAR::S6-K2P0,BUY,1785356996.0,2026-07-29 20:29:56,4075.89,1785357012.0,2026-07-29 20:30:12,4075.35,EXPERT,-33792.12,0.67,-50436.0,PERDEDORA,False,,NO_LOGUEADO,,L,1785356995.0,2026-07-29 20:29:55,4075.96,1785357010.0,2026-07-29 20:30:10,4075.22,CLOSE_RECONCILER,4074.73625227856,PERDEDORA,-0.0700000000001637,1.0,2.0,0.1300000000001091,False,False,False,False,True,False,True,False,,,2.0,False,,-36.17999999999756,934.000000000063,-49.58000000001584,2026-07-29,932.2000091204891,-46218.47645220862,True,True,True,-13.40000000001828
REAL,EMPAREJADA,55230950.0,SAR::S6-K2P0,BUY,1785360610.0,2026-07-29 21:30:10,4082.58,1785365104.0,2026-07-29 22:45:04,4076.5,EXPERT,-380474.24,0.67,-567872.0,PERDEDORA,False,,NO_LOGUEADO,,L,1785360606.5599957,2026-07-29 21:30:06,4081.15,1785365844.01,2026-07-29 22:57:24,4068.56,SL,4044.3250000000007,PERDEDORA,1.4299999999998363,3.440004348754883,-740.0099999904633,7.940000000000055,False,False,False,False,False,False,True,False,,,1.0,False,,-407.3599999999952,934.000000000011,-843.5300000000097,2026-07-29,932.2000091204891,-786338.6736934152,True,True,True,-436.17000000001457
REAL,EMPAREJADA,55231351.0,SAR::S6-K2P0,SELL,1785365888.0,2026-07-29 22:58:08,4066.49,1785380634.0,2026-07-30 03:03:54,4047.63,SL,1178957.46,0.67,1759637.9999999998,GANADORA,False,,NO_LOGUEADO,,S,1785365888.0,2026-07-29 22:58:08,4066.39,1785380634.155,2026-07-30 03:03:54,4047.73,SL,4068.574532802212,GANADORA,0.099999999999909,0.0,-0.1549999713897705,-0.099999999999909,False,True,True,False,True,False,True,False,,,4.0,False,,1263.6199999999783,933.000000000016,1250.2199999999903,2026-07-30,932.0999999999706,1165330.061999954,True,True,True,-13.39999999998804
REAL,EMPAREJADA,55232216.0,SAR::S6-K2P0,SELL,1785380649.0,2026-07-30 03:04:09,4045.81,1785380652.0,2026-07-30 03:04:12,4047.63,SL,-113891.96,0.67,-169988.0,PERDEDORA,False,,NO_LOGUEADO,,S,1785380635.7799995,2026-07-30 03:03:55,4046.25,1785380652.049,2026-07-30 03:04:12,4047.79,SL,4047.627096136596,PERDEDORA,-0.4400000000000545,13.220000505447388,-0.0490000247955322,-0.1599999999998544,False,False,True,False,True,False,True,False,,,3.0,False,,-121.94000000001097,933.999999999916,-103.17999999999756,2026-07-30,932.0999999999706,-96174.0779999947,True,True,True,18.760000000013406
REAL,EMPAREJADA,55232219.0,SAR::S6-K2P0,SELL,1785380665.0,2026-07-30 03:04:25,4046.52,1785381175.0,2026-07-30 03:12:55,4047.63,SL,-69461.58,0.67,-103674.0,PERDEDORA,False,,NO_LOGUEADO,,S,1785380664.77,2026-07-30 03:04:24,4046.53,1785381175.207,2026-07-30 03:12:55,4047.82,SL,4047.627096136596,PERDEDORA,-0.0100000000002182,0.2300000190734863,-0.2070000171661377,-0.1900000000000545,False,False,True,False,True,False,True,False,,,3.0,False,,-74.37000000000855,933.9999999998927,-86.42999999999756,2026-07-30,932.0999999999706,-80561.40299999519,True,True,True,-12.059999999989017
REAL,EMPAREJADA,55242134.0,SAR::S6-K2P0,SELL,1785437100.0,2026-07-30 18:45:00,4110.25,1785459978.0,2026-07-31 01:06:18,4083.11,SL,1682910.69,0.67,2511806.9999999995,GANADORA,False,,NO_LOGUEADO,,S,1785430813.599939,2026-07-30 17:00:13,4103.22,1785459978.816,2026-07-31 01:06:18,4083.34,SL,4137.22,GANADORA,7.029999999999745,6286.400060892105,-0.8159999847412109,-0.2300000000000182,False,False,True,False,True,False,True,False,,,3.0,False,,1818.3799999999917,925.5000000000042,1331.9600000000073,2026-07-31,925.9285782074151,1233299.8290291554,True,True,True,-486.4199999999844
REAL,EMPAREJADA,55244539.0,SAR::S6-K2P0,SELL,1785459998.0,2026-07-31 01:06:38,4082.23,1785460502.0,2026-07-31 01:15:02,4080.1,EXPERT,132078.11,0.67,197131.5074626865,GANADORA,False,,CLAMPED,4083.23,S,1785459996.77,2026-07-31 01:06:36,4082.26,1785460502.0,2026-07-31 01:15:02,4080.1,CLOSE_RECONCILER,4083.26,GANADORA,-0.0300000000002,1.2300000190734863,0.0,0.0,False,False,True,True,True,False,True,True,-0.0300000000002,False,4.0,False,,142.71000000000734,925.5000350360394,144.72000000002072,2026-07-31,925.9285782074151,134000.38383819629,True,True,True,2.0100000000133775
REAL,EMPAREJADA,55244610.0,SAR::S6-K2P0,SELL,1785462313.0,2026-07-31 01:45:13,4075.77,1785464190.0,2026-07-31 02:16:30,4083.6,SL,-486051.17,0.67,-725449.5074626865,PERDEDORA,False,,NO_LOGUEADO,,S,1785462312.0,2026-07-31 01:45:12,4075.77,1785464190.16,2026-07-31 02:16:30,4083.63,SL,4096.225000000001,PERDEDORA,0.0,1.0,-0.1600000858306884,-0.0300000000002,True,False,True,False,True,False,True,False,,,4.0,False,,-524.6099999999951,926.5000095308982,-526.6200000000085,2026-07-31,925.9285782074151,-487612.50785559684,True,True,True,-2.010000000013406
REAL,EMPAREJADA,55244860.0,SAR::S6-K2P0,SELL,1785464621.0,2026-07-31 02:23:41,4082.82,1785464666.0,2026-07-31 02:24:26,4083.6,SL,-48418.89,0.67,-72267.0,PERDEDORA,False,,CLAMPED,4083.82,S,1785464620.77,2026-07-31 02:23:40,4082.81,1785464666.132,2026-07-31 02:24:26,4083.82,SL,4083.81,PERDEDORA,0.0100000000002182,0.2300000190734863,-0.1319999694824218,-0.2200000000002546,False,False,True,False,True,False,True,True,0.0100000000002182,False,3.0,False,,-52.259999999982945,926.5000000003024,-67.67000000001462,2026-07-31,925.9285782074151,-62657.58688730932,True,True,True,-15.41000000003168
REAL,EMPAREJADA,55244871.0,SAR::S6-K2P0,SELL,1785464747.0,2026-07-31 02:25:47,4082.12,1785464815.0,2026-07-31 02:26:55,4083.6,SL,-91871.74,0.67,-137122.0,PERDEDORA,False,,NO_LOGUEADO,,S,1785464746.77,2026-07-31 02:25:46,4082.12,1785464815.803,2026-07-31 02:26:55,4083.63,SL,4083.596122817005,PERDEDORA,0.0,0.2300000190734863,-0.8029999732971191,-0.0300000000002,True,False,True,False,True,False,True,False,,,4.0,False,,-99.16000000000122,926.4999999999886,-101.17000000001464,2026-07-31,925.9285782074151,-93676.19425725774,True,True,True,-2.01000000001342
REAL,EMPAREJADA,55244898.0,SAR::S6-K2P0,SELL,1785465907.0,2026-07-31 02:45:07,4077.07,1785473356.0,2026-07-31 04:49:16,4060.93,CLIENT_manual,1000817.19,0.67,1493756.9999999998,GANADORA,True,CLIENT_manual,NO_LOGUEADO,,S,1785465907.0,2026-07-31 02:45:07,4077.03,1785482696.485,2026-07-31 07:24:56,4061.45,SL,4104.525,GANADORA,0.0399999999999636,0.0,-9340.484999895096,-0.5199999999999818,False,True,False,False,False,False,True,False,,,2.0,False,,1081.3800000000222,925.499999999981,1043.8600000000256,2026-07-31,925.9285782074151,966539.8056476159,False,True,True,-37.51999999999657
REPLICA_SIN_PAREJA,SIN_PAREJA,,SAR::S6-K2P0,,,,,,,,,,,,,False,,,,L,1785516907.289947,2026-07-31 16:55:07,4078.22,1785695407.9197311,2026-08-02 18:30:07,4066.81,CLOSE_RECONCILER,4043.415607896678,PERDEDORA,,,,,,,,,,,,,,,,,,,,-764.4699999999903,2026-08-02,930.7000049379948,-711492.2327749397,False,True,False,
REAL,EMPAREJADA,55258358.0,SAR::S6-K2P0,SELL,1785708904.0,2026-08-02 22:15:04,4054.97,1785711607.0,2026-08-02 23:00:07,4062.55,EXPERT,-472665.3,0.67,-705470.5970149253,PERDEDORA,False,,NO_LOGUEADO,,S,1785708904.0,2026-08-02 22:15:04,4055.44,1785712503.77,2026-08-02 23:15:03,4064.77,FALLBACK_CLOSE_INVALID_SL,4080.290000000001,PERDEDORA,-0.4700000000002546,0.0,-896.7699999809265,-2.2199999999998,False,True,False,False,True,False,True,False,,,3.0,False,,-507.86000000002565,930.6999960618598,-625.1099999999951,2026-08-02,930.7000049379948,-581789.8800867854,True,True,True,-117.24999999996948
REAL,EMPAREJADA,55258981.0,SAR::S6-K2P0,BUY,1785712504.0,2026-08-02 23:15:04,4064.82,1785719510.0,2026-08-03 01:11:50,4057.42,SL,-461441.06,0.67,-688718.0,PERDEDORA,False,,NO_LOGUEADO,,L,1785712504.0,2026-08-02 23:15:04,4064.82,1785719510.798,2026-08-03 01:11:50,4057.35,SL,4036.745,PERDEDORA,0.0,0.0,-0.7980000972747803,0.0700000000001637,True,True,True,False,True,False,True,False,,,5.0,False,,-495.80000000000615,930.6999999999884,-500.49000000001706,2026-08-03,928.3269343420395,-464618.3473688632,True,True,True,-4.690000000010912
REAL,EMPAREJADA,55259428.0,SAR::S6-K2P0,BUY,1785719602.0,2026-08-03 01:13:22,4058.1,1785719612.0,2026-08-03 01:13:32,4057.1,SL,-62356.9,0.67,-93070.0,PERDEDORA,False,,CLAMPED,4057.1,L,1785719601.77,2026-08-03 01:13:21,4058.08,1785719612.173,2026-08-03 01:13:32,4057.04,SL,4057.08,PERDEDORA,0.0199999999999818,0.2300000190734863,-0.1730000972747802,0.0599999999999454,False,False,True,False,True,False,True,True,0.0199999999999818,False,3.0,False,,-67.0,930.7,-69.67999999999756,2026-08-03,928.3269343420395,-64685.82078495105,True,True,True,-2.6799999999975626
REAL,EMPAREJADA,55259439.0,SAR::S6-K2P0,SELL,1785719728.0,2026-08-03 01:15:28,4056.86,1785720057.0,2026-08-03 01:20:57,4057.78,SL,-57368.35,0.67,-85624.40298507462,PERDEDORA,False,,CLAMPED,4057.86,S,1785719727.77,2026-08-03 01:15:27,4056.85,1785720057.064,2026-08-03 01:20:57,4057.82,SL,4057.85,PERDEDORA,0.0100000000002182,0.2300000190734863,-0.0639998912811279,-0.0399999999999636,False,False,True,False,True,False,True,True,0.0100000000002182,False,3.0,False,,-61.64000000000488,930.7000324463896,-64.99000000001706,2026-08-03,928.3269343420395,-60331.967462904984,True,True,True,-3.35000000001218
REAL,EMPAREJADA,55259463.0,SAR::S6-K2P0,SELL,1785720059.0,2026-08-03 01:20:59,4057.28,1785720075.0,2026-08-03 01:21:15,4057.87,EXPERT,-36790.57,0.67,-54911.298507462685,PERDEDORA,False,,CLAMPED,4058.28,S,1785720059.0,2026-08-03 01:20:59,4057.28,1785720074.77,2026-08-03 01:21:14,4057.87,FALLBACK_CLOSE_INVALID_SL,4058.28,PERDEDORA,0.0,0.0,0.2300000190734863,0.0,True,True,False,True,True,False,True,True,0.0,True,5.0,False,,-39.52999999997928,930.6999747032452,-39.52999999997928,2026-08-03,928.3269343420395,-36696.76371452159,True,True,True,0.0
REAL,EMPAREJADA,55259465.0,SAR::S6-K2P0,SELL,1785720123.0,2026-08-03 01:22:03,4057.24,1785720139.0,2026-08-03 01:22:19,4058.03,EXPERT,-49261.95,0.67,-73525.29850746268,PERDEDORA,False,,CLAMPED,4058.24,S,1785720107.0,2026-08-03 01:21:47,4057.09,1785720138.77,2026-08-03 01:22:18,4058.0,FALLBACK_CLOSE_INVALID_SL,4058.09,PERDEDORA,0.1499999999996362,16.0,0.2300000190734863,0.0300000000002,False,False,False,False,True,False,True,True,0.1499999999996362,False,2.0,False,,-52.93000000002803,930.6999811066297,-60.96999999999026,2026-08-03,928.3269343420395,-56600.09318682511,True,True,True,-8.039999999962227
REAL,EMPAREJADA,55259468.0,SAR::S6-K2P0,SELL,1785720202.0,2026-08-03 01:23:22,4057.21,1785720233.0,2026-08-03 01:23:53,4057.93,EXPERT,-44896.97,0.67,-67010.40298507463,PERDEDORA,False,,CLAMPED,4058.21,S,1785720217.77,2026-08-03 01:23:37,4057.04,1785720233.77,2026-08-03 01:23:53,4057.93,FALLBACK_CLOSE_INVALID_SL,4058.04,PERDEDORA,0.1700000000000727,-15.769999980926514,-0.7699999809265137,0.0,False,False,True,True,True,False,True,True,0.1700000000000727,False,4.0,False,,-48.2399999999866,930.7000414596283,-59.62999999999147,2026-08-03,928.3269343420395,-55356.1350948079,True,True,True,-11.390000000004868
REAL,EMPAREJADA,55259486.0,SAR::S6-K2P0,SELL,1785720612.0,2026-08-03 01:30:12,4058.93,1785722288.0,2026-08-03 01:58:08,4068.34,SL,-586778.43,0.67,-875788.7014925374,PERDEDORA,False,,NO_LOGUEADO,,S,1785720611.77,2026-08-03 01:30:11,4058.91,1785722288.968,2026-08-03 01:58:08,4068.48,SL,4086.605000000001,PERDEDORA,0.0199999999999818,0.2300000190734863,-0.9679999351501464,-0.1399999999998726,False,False,True,False,True,False,True,False,,,3.0,False,,-630.4700000000207,930.7000015860878,-641.1900000000111,2026-08-03,928.3269343420395,-595233.9470307826,True,True,True,-10.719999999990364
REAL,EMPAREJADA,55267286.0,SAR::S6-K2P0,BUY,1785782714.0,2026-08-03 18:45:14,4053.27,1785789003.0,2026-08-03 20:30:03,4058.88,EXPERT,347623.37,0.67,518840.85074626864,GANADORA,False,,NO_LOGUEADO,,L,1785776344.2699685,2026-08-03 16:59:04,4054.45,1785789002.0,2026-08-03 20:30:02,4058.88,CLOSE_RECONCILER,4044.884473909987,GANADORA,-1.1799999999998363,6369.730031490326,1.0,0.0,False,False,False,True,True,False,True,False,,,3.0,False,,375.87000000000853,924.8500013302262,296.8100000000195,2026-08-03,928.3269343420395,275536.7173820789,True,True,True,-79.05999999998903
REAL,EMPAREJADA,55268678.0,SAR::S6-K2P0,BUY,1785797104.0,2026-08-03 22:45:04,4062.66,1785802515.0,2026-08-04 00:15:15,4057.18,EXPERT,-339935.09,0.67,-507365.8059701493,PERDEDORA,False,,NO_LOGUEADO,,L,1785797104.0,2026-08-03 22:45:04,4062.66,1785802515.0,2026-08-04 00:15:15,4057.16,CLOSE_RECONCILER,4031.85,PERDEDORA,0.0,0.0,0.0,0.0199999999999818,True,True,True,False,True,False,True,False,,,5.0,False,,-367.1600000000012,925.8500108944299,-368.5,2026-08-04,914.9375280948195,-337154.479102941,True,True,True,-1.3399999999987813
REAL,EMPAREJADA,55269210.0,SAR::S6-K2P0,BUY,1785803412.0,2026-08-04 00:30:12,4062.09,1785810985.0,2026-08-04 02:36:25,4056.23,SL,-363507.23,0.67,-542548.1044776118,PERDEDORA,False,,NO_LOGUEADO,,L,1785803412.0,2026-08-04 00:30:12,4062.09,1785810985.617,2026-08-04 02:36:25,4056.19,SL,4041.585,PERDEDORA,0.0,0.0,-0.6170001029968262,0.0399999999999636,True,True,True,False,True,False,True,False,,,5.0,False,,-392.62000000000853,925.8500076409558,-395.3000000000061,2026-08-04,914.9375280948195,-361674.8048558877,True,True,True,-2.6799999999975626
REAL,EMPAREJADA,55269548.0,SAR::S6-K2P0,BUY,1785811003.0,2026-08-04 02:36:43,4056.73,1785811149.0,2026-08-04 02:39:09,4056.18,SL,-34117.57,0.67,-50921.74626865672,PERDEDORA,False,,CLAMPED,4055.73,L,1785811001.77,2026-08-04 02:36:41,4056.73,1785811159.884,2026-08-04 02:39:19,4056.1,SL,4055.73,PERDEDORA,0.0,1.2300000190734863,-10.884000062942505,0.0799999999999272,True,False,False,False,True,False,True,True,0.0,True,3.0,False,,-36.85000000001219,925.8499321570887,-42.21000000000731,2026-08-04,914.9375280948195,-38619.513060889025,True,True,True,-5.359999999995125
REAL,EMPAREJADA,55269559.0,SAR::S6-K2P0,BUY,1785811177.0,2026-08-04 02:39:37,4056.87,1785811507.0,2026-08-04 02:45:07,4060.43,EXPERT,220595.22,0.67,329246.5970149253,GANADORA,False,,CLAMPED,4055.87,L,1785811176.0,2026-08-04 02:39:36,4056.8,1785811507.0,2026-08-04 02:45:07,4060.41,CLOSE_RECONCILER,4055.8,GANADORA,0.0699999999997089,1.0,0.0,0.0199999999999818,False,False,True,False,True,False,True,True,0.0699999999997089,False,3.0,False,,238.51999999999637,924.849991614973,241.8699999999781,2026-08-04,914.9375280948195,221295.93992027396,True,True,True,3.349999999981719
REAL,EMPAREJADA,55279444.0,SAR::S6-K2P0,SELL,1785869103.0,2026-08-04 18:45:03,4084.35,1785874987.0,2026-08-04 20:23:07,4077.59,SL,412383.66,0.67,615497.9999999999,GANADORA,False,,NO_LOGUEADO,,S,1785862743.729938,2026-08-04 16:59:03,4078.01,1785874987.621,2026-08-04 20:23:07,4077.67,SL,4087.796498388972,GANADORA,6.339999999999691,6359.270061969757,-0.6210000514984131,-0.0799999999999272,False,False,True,False,True,False,True,False,,,3.0,False,,452.9199999999842,910.5000000000317,22.78000000000975,2026-08-04,914.9375280948195,20842.27689000891,True,True,True,-430.13999999997446
REAL,EMPAREJADA,55279831.0,SAR::S6-K2P0,SELL,1785874993.0,2026-08-04 20:23:13,4077.04,1785875022.0,2026-08-04 20:23:42,4077.71,SL,-40917.24,0.67,-61070.50746268656,PERDEDORA,False,,CLAMPED,4078.04,S,1785874992.0,2026-08-04 20:23:12,4077.04,1785875022.549,2026-08-04 20:23:42,4077.81,SL,4078.04,PERDEDORA,0.0,1.0,-0.5490000247955322,-0.099999999999909,True,False,True,False,True,False,True,True,0.0,True,4.0,False,,-44.890000000004875,911.5001113832826,-51.58999999999878,2026-08-04,914.9375280948195,-47201.62707441062,True,True,True,-6.699999999993906
REAL,EMPAREJADA,55279839.0,SAR::S6-K2P0,SELL,1785875025.0,2026-08-04 20:23:45,4076.95,1785875056.0,2026-08-04 20:24:16,4077.76,EXPERT,-49467.11,0.67,-73831.50746268657,PERDEDORA,False,,CLAMPED,4078.01,S,1785875023.77,2026-08-04 20:23:43,4077.03,1785875039.77,2026-08-04 20:23:59,4077.77,FALLBACK_CLOSE_INVALID_SL,4078.03,PERDEDORA,-0.0800000000003819,1.2300000190734863,16.230000019073486,-0.0099999999997635,False,False,False,False,True,False,True,True,-0.0199999999999818,False,2.0,False,,-54.27000000002682,911.5000921314825,-49.57999999998538,2026-08-04,914.9375280948195,-45362.60264292778,True,True,True,4.690000000041437
REAL,EMPAREJADA,55279848.0,SAR::S6-K2P0,SELL,1785875072.0,2026-08-04 20:24:32,4077.01,1785875156.0,2026-08-04 20:25:56,4077.59,SL,-35420.89,0.67,-52866.99999999999,PERDEDORA,False,,CLAMPED,4078.01,S,1785875072.0,2026-08-04 20:24:32,4077.03,1785875156.398,2026-08-04 20:25:56,4077.63,SL,4078.03,PERDEDORA,-0.0199999999999818,0.0,-0.3980000019073486,-0.0399999999999636,False,True,True,False,True,False,True,True,-0.0199999999999818,False,4.0,False,,-38.859999999995125,911.5000000001144,-40.199999999993906,2026-08-04,914.9375280948195,-36780.48862940617,True,True,True,-1.3399999999987813
REAL,EMPAREJADA,55280382.0,SAR::S6-K2P0,BUY,1785879907.0,2026-08-04 21:45:07,4093.59,1785904871.0,2026-08-05 04:41:11,4161.8,SL,4161048.74,0.67,6210520.507462687,GANADORA,False,,NO_LOGUEADO,,L,1785879906.77,2026-08-04 21:45:06,4093.81,1785904871.141,2026-08-05 04:41:11,4161.7,SL,4047.4,GANADORA,-0.2199999999997999,0.2300000190734863,-0.1410000324249267,0.1000000000003638,False,False,True,False,True,False,True,False,,,3.0,False,,4570.070000000002,910.5000010940747,4548.629999999992,2026-08-05,913.7666785117875,4156386.5268790647,True,True,True,-21.440000000010514
REAL,EMPAREJADA,55292422.0,SAR::S6-K2P0,BUY,1785957306.0,2026-08-05 19:15:06,4256.53,1785960113.0,2026-08-05 20:01:53,4265.25,SL,533703.24,0.67,796571.9999999999,GANADORA,False,,NO_LOGUEADO,,L,1785957301.7799978,2026-08-05 19:15:01,4256.58,1785960113.345,2026-08-05 20:01:53,4265.13,SL,4225.66,GANADORA,-0.0500000000001819,4.220002174377441,-0.3450000286102295,0.1199999999998908,False,False,True,False,True,False,True,False,,,3.0,False,,584.2400000000171,913.4999999999733,572.8500000000122,2026-08-05,913.7666785117875,523451.2417854886,True,True,True,-11.390000000004875
REAL,EMPAREJADA,55292816.0,SAR::S6-K2P0,BUY,1785960126.0,2026-08-05 20:02:06,4268.04,1785960226.0,2026-08-05 20:03:46,4265.25,SL,-170947.49,0.67,-255145.5074626865,PERDEDORA,False,,NO_LOGUEADO,,L,1785960125.0,2026-08-05 20:02:05,4268.25,1785960226.446,2026-08-05 20:03:46,4265.2,SL,4265.246030206027,PERDEDORA,-0.2100000000000363,1.0,-0.4460000991821289,0.0500000000001819,False,False,True,False,True,False,True,False,,,3.0,False,,-186.92999999999756,914.5000267479924,-204.3500000000122,2026-08-05,913.7666785117875,-186728.22075389492,True,True,True,-17.420000000014625
REAL,EMPAREJADA,55292848.0,SAR::S6-K2P0,BUY,1785960235.0,2026-08-05 20:03:55,4266.63,1785960750.0,2026-08-05 20:12:30,4265.25,SL,-84554.67,0.67,-126201.0,PERDEDORA,False,,NO_LOGUEADO,,L,1785960235.0,2026-08-05 20:03:55,4266.41,1785960750.184,2026-08-05 20:12:30,4265.22,SL,4265.246030206027,PERDEDORA,0.2200000000002546,0.0,-0.184000015258789,0.0299999999997453,False,True,True,False,True,False,True,False,,,4.0,False,,-92.46000000000731,914.4999999999277,-79.72999999997319,2026-08-05,913.7666785117875,-72854.61727772032,True,True,True,12.730000000034124
REAL,EMPAREJADA,55292955.0,SAR::S6-K2P0,BUY,1785960770.0,2026-08-05 20:12:50,4265.76,1785960786.0,2026-08-05 20:13:06,4265.25,SL,-31248.47,0.67,-46639.50746268657,PERDEDORA,False,,CLAMPED,4264.76,L,1785960768.77,2026-08-05 20:12:48,4265.76,1785960786.244,2026-08-05 20:13:06,4265.23,SL,4264.76,PERDEDORA,0.0,1.2300000190734863,-0.24399995803833,0.0200000000004365,True,False,True,False,True,False,True,True,0.0,True,4.0,False,,-34.170000000014625,914.5001463267962,-35.51000000004388,2026-08-05,913.7666785117875,-32447.854753993674,True,True,True,-1.3400000000292565
REPLICA_SIN_PAREJA,SIN_PAREJA,,SAR::S6-K2P0,,,,,,,,,,,,,False,,,,L,1785960815.77,2026-08-05 20:13:35,4265.77,1785960816.0,2026-08-05 20:13:36,4265.23,FALLBACK_CLOSE_INVALID_SL,4264.77,PERDEDORA,,,,,,,,,,,,,,,,,,,,-36.1800000000585,2026-08-05,913.7666785117875,-33060.07842860993,False,True,False,
REAL,EMPAREJADA,55292962.0,SAR::S6-K2P0,BUY,1785960848.0,2026-08-05 20:14:08,4267.04,1785960911.0,2026-08-05 20:15:11,4271.92,EXPERT,298677.96,0.67,445788.0,GANADORA,False,,NO_LOGUEADO,,L,1785960846.77,2026-08-05 20:14:06,4266.89,1785960910.0,2026-08-05 20:15:10,4271.89,CLOSE_RECONCILER,4265.246030206027,GANADORA,0.1499999999996362,1.2300000190734863,1.0,0.0299999999997453,False,False,False,False,True,False,True,False,,,2.0,False,,326.9600000000073,913.4999999999797,335.0,2026-08-05,913.7666785117875,306111.8373014488,True,True,True,8.039999999992688
REAL,EMPAREJADA,55295862.0,SAR::S6-K2P0,BUY,1785981612.0,2026-08-06 02:00:12,4266.42,1785997049.0,2026-08-06 06:17:29,4267.0,SL,35498.61,0.67,52983.0,GANADORA,False,,NO_LOGUEADO,,L,1785981602.7799978,2026-08-06 02:00:02,4267.4,1785997809.889999,2026-08-06 06:30:09,4268.08,CLOSE_RECONCILER,4245.860000000001,GANADORA,-0.9799999999995634,9.22000217437744,-760.8899989128113,-1.0799999999999272,False,False,False,False,False,False,True,False,,,1.0,False,,38.859999999995125,913.5000000001146,45.5600000000195,2026-08-06,916.2199912093663,41742.9827995166,True,True,True,6.7000000000243745
REAL,EMPAREJADA,55304731.0,SAR::S6-K2P0,SELL,1786041902.0,2026-08-06 18:45:02,4239.16,1786045734.0,2026-08-06 19:48:54,4248.9,SL,-598350.6,0.67,-893060.5970149253,PERDEDORA,False,,NO_LOGUEADO,,S,1786041901.0,2026-08-06 18:45:01,4239.16,1786045734.741,2026-08-06 19:48:54,4248.94,SL,4251.001791983951,PERDEDORA,0.0,1.0,-0.7409999370574951,-0.0399999999999636,True,False,True,False,True,False,True,False,,,4.0,False,,-652.5799999999854,916.8999969352622,-655.2599999999829,2026-08-06,916.2199912093663,-600362.3114398337,True,True,True,-2.6799999999975626
REAL,EMPAREJADA,55304816.0,SAR::S6-K2P0,SELL,1786045746.0,2026-08-06 19:49:06,4248.06,1786045778.0,2026-08-06 19:49:38,4249.05,EXPERT,-60817.98,0.67,-90773.10447761194,PERDEDORA,False,,CLAMPED,4249.16,S,1786045760.77,2026-08-06 19:49:20,4248.34,1786045776.77,2026-08-06 19:49:36,4249.06,FALLBACK_CLOSE_INVALID_SL,4249.34,PERDEDORA,-0.2799999999997453,-14.769999980926514,1.2300000190734863,-0.0100000000002182,False,False,False,False,True,False,True,True,-0.180000000000291,False,2.0,False,,-66.32999999998538,916.9000452286057,-48.24000000001706,2026-08-06,916.2199912093663,-44198.452375955465,True,True,True,18.089999999968313
REAL,EMPAREJADA,55304989.0,SAR::S6-K2P0,SELL,1786048203.0,2026-08-06 20:30:03,4243.1,1786050477.0,2026-08-06 21:07:57,4245.32,SL,-136379.71,0.67,-203551.80597014923,PERDEDORA,False,,NO_LOGUEADO,,S,1786048202.0,2026-08-06 20:30:02,4243.14,1786050477.909,2026-08-06 21:07:57,4245.66,SL,4263.615,PERDEDORA,-0.0399999999999636,1.0,-0.9089999198913574,-0.3400000000001455,False,False,True,False,True,False,True,False,,,3.0,False,,-148.73999999995613,916.9000268928346,-168.8399999999683,2026-08-06,916.2199912093663,-154694.58331576036,True,True,True,-20.100000000012187
REAL,EMPAREJADA,55305411.0,SAR::S6-K2P0,SELL,1786050479.0,2026-08-06 21:07:59,4244.56,1786050482.0,2026-08-06 21:08:02,4245.56,SL,-61432.3,0.67,-91690.0,PERDEDORA,False,,CLAMPED,4245.56,S,1786050479.0,2026-08-06 21:07:59,4244.52,1786050481.468,2026-08-06 21:08:01,4245.52,SL,4245.52,PERDEDORA,0.0399999999999636,0.0,0.5320000648498535,0.0399999999999636,False,True,False,False,True,False,True,True,0.0399999999999636,False,3.0,False,,-67.0,916.9000000000001,-67.0,2026-08-06,916.2199912093663,-61386.73941102754,True,True,True,0.0
REAL,EMPAREJADA,55305418.0,SAR::S6-K2P0,SELL,1786050542.0,2026-08-06 21:09:02,4243.23,1786050880.0,2026-08-06 21:14:40,4245.32,SL,-128393.51,0.67,-191632.10447761192,PERDEDORA,False,,NO_LOGUEADO,,S,1786050541.77,2026-08-06 21:09:01,4243.27,1786050880.749,2026-08-06 21:14:40,4245.39,SL,4245.323779014296,PERDEDORA,-0.0400000000008731,0.2300000190734863,-0.749000072479248,-0.0700000000006184,False,False,True,False,True,False,True,False,,,3.0,False,,-140.03000000000975,916.9000214239167,-142.03999999999272,2026-08-06,916.2199912093663,-130139.88755137172,True,True,True,-2.0099999999829663
REAL,EMPAREJADA,55305439.0,SAR::S6-K2P0,SELL,1786050887.0,2026-08-06 21:14:47,4244.52,1786050903.0,2026-08-06 21:15:03,4244.14,EXPERT,23318.81,0.67,34804.19402985075,GANADORA,False,,CLAMPED,4245.52,S,1786050887.0,2026-08-06 21:14:47,4244.52,1786050902.77,2026-08-06 21:15:02,4244.21,CLOSE_RECONCILER,4245.52,GANADORA,0.0,0.0,0.2300000190734863,-0.0699999999997089,True,True,False,False,True,False,True,True,0.0,True,4.0,False,,25.460000000007316,915.899842890546,20.770000000026815,2026-08-06,916.2199912093663,19029.889217443106,True,True,True,-4.6899999999805
REAL,EMPAREJADA,55305633.0,SAR::S6-K2P0,BUY,1786052708.0,2026-08-06 21:45:08,4256.34,1786094068.0,2026-08-07 09:14:28,4348.0,CLIENT_manual,5578684.25,0.67,8326394.402985075,GANADORA,True,CLIENT_manual,NO_LOGUEADO,,L,1786052707.77,2026-08-06 21:45:07,4256.11,1786091095.195,2026-08-07 08:24:55,4310.57,SL,4190.200000000001,GANADORA,0.2300000000004729,0.2300000190734863,2972.805000066757,37.43000000000029,False,False,False,False,False,False,True,False,,,1.0,False,,6141.21999999999,908.4000003256697,3648.820000000003,2026-08-07,912.1499997217758,3328271.1619848125,False,True,True,-2492.3999999999874
REPLICA_SIN_PAREJA,SIN_PAREJA,,SAR::S6-K2P0,,,,,,,,,,,,,False,,,,S,1786121714.619943,2026-08-07 16:55:14,4342.51,1786300215.2497268,2026-08-09 18:30:15,4344.56,FALLBACK_CLOSE_INVALID_SL,4357.280000000001,PERDEDORA,,,,,,,,,,,,,,,,,,,,-137.3500000000122,2026-08-09,913.6730799302402,-125492.99752842962,False,True,False,
REAL,EMPAREJADA,55317669.0,SAR::S6-K2P0,BUY,1786301115.0,2026-08-09 18:45:15,4340.99,1786305542.0,2026-08-09 19:59:02,4332.44,SL,-523441.69,0.67,-781256.2537313432,PERDEDORA,False,,NO_LOGUEADO,,L,1786301114.0,2026-08-09 18:45:14,4340.93,1786305542.949,2026-08-09 19:59:02,4332.32,SL,4326.180888827853,PERDEDORA,0.0599999999994906,1.0,-0.9489998817443848,0.1199999999998908,False,False,True,False,True,False,True,False,,,3.0,False,,-572.8500000000122,913.7500043641247,-576.8700000000391,2026-08-09,913.6730799302402,-527070.5896193933,True,True,True,-4.020000000026926
REAL,EMPAREJADA,55318013.0,SAR::S6-K2P0,BUY,1786305550.0,2026-08-09 19:59:10,4333.44,1786305600.0,2026-08-09 20:00:00,4332.44,SL,-61221.25,0.67,-91375.0,PERDEDORA,False,,NO_LOGUEADO,,L,1786305549.0,2026-08-09 19:59:09,4333.32,1786305600.148,2026-08-09 20:00:00,4332.39,SL,4332.32,PERDEDORA,0.1199999999998908,1.0,-0.1480000019073486,0.0499999999992724,False,False,True,False,True,False,True,False,,,3.0,False,,-67.0,913.75,-62.30999999995856,2026-08-09,913.6730799302402,-56930.969610415406,True,True,True,4.690000000041437
REAL,EMPAREJADA,55318154.0,SAR::S6-K2P0,SELL,1786306511.0,2026-08-09 20:15:11,4344.59,1786314544.0,2026-08-09 22:29:04,4331.48,SL,801732.22,0.67,1196615.2537313432,GANADORA,False,,NO_LOGUEADO,,S,1786306509.77,2026-08-09 20:15:09,4344.48,1786314544.255,2026-08-09 22:29:04,4331.73,SL,4371.274999999999,GANADORA,0.110000000000582,1.2300000190734863,-0.2550001144409179,-0.25,False,False,True,False,True,False,True,False,,,3.0,False,,878.370000000039,912.7500028461404,854.25,2026-08-09,913.6730799302402,780505.2285304077,True,True,True,-24.120000000039
REAL,EMPAREJADA,55320125.0,SAR::S6-K2P0,SELL,1786314553.0,2026-08-09 22:29:13,4330.56,1786314571.0,2026-08-09 22:29:31,4331.7,SL,-69792.23,0.67,-104167.50746268655,PERDEDORA,False,,CLAMPED,4331.6,S,1786314551.579999,2026-08-09 22:29:11,4330.55,1786314571.02,2026-08-09 22:29:31,4331.71,SL,4331.55,PERDEDORA,0.0100000000002182,1.4200010299682615,-0.0199999809265136,-0.0100000000002182,False,False,True,False,True,False,True,True,0.0500000000001819,False,3.0,False,,-76.379999999961,913.7500654626293,-77.71999999999025,2026-08-09,913.6730799302402,-71010.67177216936,True,True,True,-1.3400000000292493
REPLICA_SIN_PAREJA,SIN_PAREJA,,SAR::S6-K2P0,,,,,,,,,,,,,False,,,,S,1786314599.0,2026-08-09 22:29:59,4330.7,1786314600.743,2026-08-09 22:30:00,4331.94,SL,4331.7,PERDEDORA,,,,,,,,,,,,,,,,,,,,-83.07999999998538,2026-08-09,913.6730799302402,-75907.95948059099,False,True,False,
REAL,EMPAREJADA,55321485.0,SAR::S6-K2P0,BUY,1786326312.0,2026-08-10 01:45:12,4342.36,1786336939.0,2026-08-10 04:42:19,4346.42,SL,248286.26,0.67,370576.50746268657,GANADORA,False,,NO_LOGUEADO,,L,1786326311.0,2026-08-10 01:45:11,4342.35,1786336939.95,2026-08-10 04:42:19,4346.41,SL,4299.810000000001,GANADORA,0.0099999999993087,1.0,-0.9500000476837158,0.0100000000002182,False,False,True,False,True,False,True,False,,,3.0,False,,272.0200000000268,912.7500183809115,272.01999999996593,2026-08-10,915.6041724764883,249062.64699702317,True,True,True,-6.087930159992538e-11
REAL,EMPAREJADA,55331537.0,SAR::S6-K2P0,BUY,1786387511.0,2026-08-10 18:45:11,4396.18,1786395693.0,2026-08-10 21:01:33,4402.77,SL,404662.25,0.67,603973.5074626865,GANADORA,False,,NO_LOGUEADO,,L,1786381153.4999456,2026-08-10 16:59:13,4390.99,1786395693.034,2026-08-10 21:01:33,4402.75,SL,4379.909402956582,GANADORA,5.190000000000509,6357.500054359436,-0.0339999198913574,0.0200000000004365,False,False,True,False,True,False,True,False,,,3.0,False,,441.5300000000098,916.5000113242385,787.9200000000146,2026-08-10,915.6041724764883,721422.839577688,True,True,True,346.3900000000048
REAL,EMPAREJADA,55332591.0,SAR::S6-K2P0,BUY,1786395992.0,2026-08-10 21:06:32,4404.08,1786396020.0,2026-08-10 21:07:00,4402.77,SL,-80528.98,0.67,-120192.50746268655,PERDEDORA,False,,NO_LOGUEADO,,L,1786395992.77,2026-08-10 21:06:32,4404.07,1786396020.391,2026-08-10 21:07:00,4402.71,SL,4402.766502457484,PERDEDORA,0.0100000000002182,-0.7699999809265137,-0.3910000324249267,0.0600000000004001,False,True,True,False,True,False,True,False,,,4.0,False,,-87.76999999996589,917.5000569674296,-91.11999999997806,2026-08-10,915.6041724764883,-83429.85219603754,True,True,True,-3.350000000012173
REAL,EMPAREJADA,55332605.0,SAR::S6-K2P0,BUY,1786396024.0,2026-08-10 21:07:04,4403.44,1786396508.0,2026-08-10 21:15:08,4413.72,EXPERT,631248.54,0.67,942162.0,GANADORA,False,,CLAMPED,4402.28,L,1786396024.0,2026-08-10 21:07:04,4403.31,1786396508.0,2026-08-10 21:15:08,4413.72,CLOSE_RECONCILER,4402.31,GANADORA,0.1299999999991996,0.0,0.0,0.0,False,True,True,True,True,False,True,True,-0.0300000000006548,False,5.0,False,,688.760000000044,916.4999999999416,697.4699999999903,2026-08-10,915.6041724764883,638606.4421771674,True,True,True,8.709999999946263
REAL,EMPAREJADA,55333223.0,SAR::S6-K2P0,BUY,1786399202.0,2026-08-10 22:00:02,4430.03,1786401324.0,2026-08-10 22:35:24,4424.87,CLIENT_manual,-317198.1,0.67,-473430.0,PERDEDORA,True,CLIENT_manual,NO_LOGUEADO,,L,1786399202.0,2026-08-10 22:00:02,4429.96,1786401519.721,2026-08-10 22:38:39,4416.18,SL,4365.715000000002,PERDEDORA,0.0699999999997089,0.0,-195.72099995613095,8.6899999999996,False,True,False,False,False,False,True,False,,,2.0,False,,-345.71999999999025,917.5000000000258,-923.2599999999829,2026-08-10,915.6041724764883,-845340.708280627,False,True,True,-577.5399999999927
REAL,SIN_PAREJA,55333600.0,SAR::S6-K2P0,BUY,1786401327.0,2026-08-10 22:35:27,4425.42,1786401519.0,2026-08-10 22:38:39,4416.26,SL,-563088.1,0.67,-840429.9999999999,PERDEDORA,False,,NO_LOGUEADO,,,,,,,,,,,,,,,,,,,,,,,,,,,,,-613.7199999999904,917.5000000000143,,,,,False,True,False,
REAL,EMPAREJADA,55333670.0,SAR::S6-K2P0,BUY,1786401624.0,2026-08-10 22:40:24,4418.91,1786401907.0,2026-08-10 22:45:07,4418.35,EXPERT,-34424.6,0.67,-51379.99999999999,PERDEDORA,False,,NO_LOGUEADO,,L,1786401624.0,2026-08-10 22:40:24,4418.82,1786401907.0,2026-08-10 22:45:07,4418.68,CLOSE_RECONCILER,4416.26292614449,PERDEDORA,0.0900000000001455,0.0,0.0,-0.3299999999999272,False,True,True,False,True,False,True,False,,,4.0,False,,-37.51999999996588,917.5000000008342,-9.379999999961,2026-08-10,915.6041724764883,-8588.367137793753,True,True,True,28.140000000004882
REAL,EMPAREJADA,55205838.0,SuperTrend::SuperTrend-p14x3-M15,SELL,1785178410.0,2026-07-27 18:53:30,4074.16,1785232113.0,2026-07-28 09:48:33,4024.95,CLIENT_manual,3094629.9,0.67,4618850.5970149245,GANADORA,True,CLIENT_manual,NO_LOGUEADO,,S,1785178349.0,2026-07-27 18:52:29,4073.47,1785237644.476,2026-07-28 11:20:44,4040.68,SL,4089.6898027579286,GANADORA,0.6900000000000546,61.0,-5531.476000070572,-15.730000000000018,False,False,False,False,False,False,True,False,,,1.0,False,,3297.070000000003,938.5999993933999,2196.9299999999976,2026-07-28,932.1500168845379,2047868.3365941455,False,True,True,-1100.1400000000053
REPLICA_SIN_PAREJA,SIN_PAREJA,,SuperTrend::SuperTrend-p14x3-M15,,,,,,,,,,,,,False,,,,L,1785257948.7199554,2026-07-28 16:59:08,4030.88,1785262945.595,2026-07-28 18:22:25,4020.08,SL,4020.097856599264,PERDEDORA,,,,,,,,,,,,,,,,,,,,-723.6000000000122,2026-07-28,932.1500168845379,-674503.752217663,False,True,False,
REAL,EMPAREJADA,55216339.0,SuperTrend::SuperTrend-p14x3-M15,SELL,1785264308.0,2026-07-28 18:45:08,4017.87,1785277437.0,2026-07-28 22:23:57,4033.62,SL,-982965.38,0.67,-1467112.5074626864,PERDEDORA,False,,NO_LOGUEADO,,S,1785264304.0299478,2026-07-28 18:45:04,4018.09,1785277437.789,2026-07-28 22:23:57,4033.71,SL,4033.924468616758,PERDEDORA,-0.2200000000002546,3.9700522422790527,-0.7890000343322754,-0.0900000000001455,False,False,True,False,True,False,True,False,,,3.0,False,,-1055.25,931.5000047382136,-1046.5399999999927,2026-07-28,932.1500168845379,-975532.2786703374,True,True,True,8.710000000007312
REAL,EMPAREJADA,55217822.0,SuperTrend::SuperTrend-p14x3-M15,SELL,1785277511.0,2026-07-28 22:25:11,4032.76,1785277523.0,2026-07-28 22:25:23,4033.82,SL,-66155.13,0.67,-98739.0,PERDEDORA,False,,CLAMPED,4033.82,S,1785277510.0,2026-07-28 22:25:10,4032.74,1785277523.078,2026-07-28 22:25:23,4034.85,SL,4033.74,PERDEDORA,0.0200000000004365,1.0,-0.0780000686645507,-1.0299999999997451,False,False,True,False,True,False,True,True,0.0800000000003819,False,3.0,False,,-71.01999999999636,931.5000000000479,-141.37000000000853,2026-07-28,932.1500168845379,-131778.04788697508,True,True,True,-70.35000000001217
REPLICA_SIN_PAREJA,SIN_PAREJA,,SuperTrend::SuperTrend-p14x3-M15,,,,,,,,,,,,,False,,,,S,1785277572.77,2026-07-28 22:26:12,4033.1,1785277575.511,2026-07-28 22:26:15,4034.08,SL,4034.1,PERDEDORA,,,,,,,,,,,,,,,,,,,,-65.66000000000122,2026-07-28,932.1500168845379,-61204.97010863989,False,True,False,
REAL,EMPAREJADA,55217828.0,SuperTrend::SuperTrend-p14x3-M15,SELL,1785277605.0,2026-07-28 22:26:45,4032.27,1785277800.0,2026-07-28 22:30:00,4033.62,SL,-84254.18,0.67,-125752.50746268655,PERDEDORA,False,,NO_LOGUEADO,,S,1785277603.77,2026-07-28 22:26:43,4032.04,1785277800.263,2026-07-28 22:30:00,4033.74,SL,4033.617363715561,PERDEDORA,0.2300000000000182,1.2300000190734863,-0.2630000114440918,-0.1199999999998908,False,False,True,False,True,False,True,False,,,3.0,False,,-90.4499999999939,931.5000552792225,-113.89999999998781,2026-07-28,932.1500168845379,-106171.8869231375,True,True,True,-23.449999999993906
REAL,EMPAREJADA,55217849.0,SuperTrend::SuperTrend-p14x3-M15,SELL,1785277871.0,2026-07-28 22:31:11,4032.7,1785277875.0,2026-07-28 22:31:15,4033.7,SL,-62410.5,0.67,-93150.0,PERDEDORA,False,,CLAMPED,4033.7,S,1785277870.0,2026-07-28 22:31:10,4033.01,1785277871.0,2026-07-28 22:31:11,4033.7,FALLBACK_CLOSE_INVALID_SL,4034.01,PERDEDORA,-0.3100000000004002,1.0,4.0,0.0,False,False,False,True,True,False,True,True,-0.3100000000004002,False,3.0,False,,-67.0,931.5,-46.229999999973195,2026-07-28,932.1500168845379,-43093.2952805472,True,True,True,20.770000000026805
REAL,EMPAREJADA,55217851.0,SuperTrend::SuperTrend-p14x3-M15,SELL,1785277887.0,2026-07-28 22:31:27,4032.95,1785278262.0,2026-07-28 22:37:42,4033.62,SL,-41815.04,0.67,-62410.50746268657,PERDEDORA,False,,CLAMPED,4033.95,S,1785277886.0,2026-07-28 22:31:26,4032.92,1785278262.495,2026-07-28 22:37:42,4033.65,SL,4033.92,PERDEDORA,0.0299999999997453,1.0,-0.494999885559082,-0.0300000000002,False,False,True,False,True,False,True,True,0.0299999999997453,False,3.0,False,,-44.890000000004875,931.5001113832805,-48.91000000000122,2026-07-28,932.1500168845379,-45591.45732582388,True,True,True,-4.019999999996344
REAL,EMPAREJADA,55217873.0,SuperTrend::SuperTrend-p14x3-M15,SELL,1785278279.0,2026-07-28 22:37:59,4032.9,1785278282.0,2026-07-28 22:38:02,4033.95,SL,-65531.03,0.67,-97807.50746268655,PERDEDORA,False,,CLAMPED,4033.95,S,1785278278.0,2026-07-28 22:37:58,4032.84,1785278282.801,2026-07-28 22:38:02,4033.96,SL,4033.84,PERDEDORA,0.0599999999999454,1.0,-0.8010001182556152,-0.0100000000002182,False,False,True,False,True,False,True,True,0.1099999999996725,False,3.0,False,,-70.34999999998173,931.5000710734472,-75.03999999999269,2026-07-28,932.1500168845379,-69948.53726700891,True,True,True,-4.690000000010954
REAL,EMPAREJADA,55217875.0,SuperTrend::SuperTrend-p14x3-M15,SELL,1785278295.0,2026-07-28 22:38:15,4032.54,1785278317.0,2026-07-28 22:38:37,4033.62,SL,-67403.34,0.67,-100602.0,PERDEDORA,False,,NO_LOGUEADO,,S,1785278293.77,2026-07-28 22:38:13,4032.55,1785278317.156,2026-07-28 22:38:37,4033.64,SL,4033.617363715561,PERDEDORA,-0.0100000000002182,1.2300000190734863,-0.1559998989105224,-0.0199999999999818,False,False,True,False,True,False,True,False,,,3.0,False,,-72.35999999999513,931.5000000000628,-73.0299999999793,2026-07-28,932.1500168845379,-68074.9157330585,True,True,True,-0.6699999999841708
REAL,EMPAREJADA,55217904.0,SuperTrend::SuperTrend-p14x3-M15,BUY,1785278703.0,2026-07-28 22:45:03,4035.5,1785307129.0,2026-07-29 06:38:49,4029.63,SL,-366349.64,0.67,-546790.5074626865,PERDEDORA,False,,NO_LOGUEADO,,L,1785278701.77,2026-07-28 22:45:01,4035.56,1785307129.533,2026-07-29 06:38:49,4029.62,SL,4012.118030143123,PERDEDORA,-0.0599999999999454,1.2300000190734863,-0.5329999923706055,0.0100000000002182,False,False,True,False,True,False,True,False,,,3.0,False,,-393.28999999999274,931.5000127132822,-397.9800000000037,2026-07-29,932.2000091204891,-370996.9596297757,True,True,True,-4.6900000000109685
REAL,EMPAREJADA,55229919.0,SuperTrend::SuperTrend-p14x3-M15,SELL,1785350706.0,2026-07-29 18:45:06,4081.31,1785381578.0,2026-07-30 03:19:38,4050.82,CLIENT_manual,1905960.39,0.67,2844716.9999999995,GANADORA,True,CLIENT_manual,NO_LOGUEADO,,S,1785344341.6199446,2026-07-29 16:59:01,4066.27,1785385427.995,2026-07-30 04:23:47,4063.6,SL,4101.409128335541,GANADORA,15.039999999999964,6364.380055427551,-3849.994999885559,-12.779999999999744,False,False,False,False,False,False,True,False,,,1.0,False,,2042.8299999999854,933.0000000000066,178.89000000000487,2026-07-30,932.0999999999706,166743.36899999928,False,True,True,-1863.9399999999805
REAL,EMPAREJADA,55242135.0,SuperTrend::SuperTrend-p14x3-M15,BUY,1785437100.0,2026-07-30 18:45:00,4110.86,1785446066.0,2026-07-30 21:14:26,4089.82,SL,-1306068.52,0.67,-1949356.0,PERDEDORA,False,,NO_LOGUEADO,,L,1785430750.5199394,2026-07-30 16:59:10,4103.72,1785446066.993,2026-07-30 21:14:26,4089.75,SL,4088.938322466273,PERDEDORA,7.139999999999418,6349.480060577393,-0.993000030517578,0.0700000000001637,False,False,True,False,True,False,True,False,,,3.0,False,,-1409.679999999967,926.5000000000216,-935.9900000000172,2026-07-30,932.0999999999706,-872436.2789999885,True,True,True,473.6899999999499
REAL,EMPAREJADA,55243044.0,SuperTrend::SuperTrend-p14x3-M15,SELL,1785446101.0,2026-07-30 21:15:01,4088.77,1785473287.0,2026-07-31 04:48:07,4062.9,CLIENT_manual,1604159.9,0.67,2394268.5074626864,GANADORA,True,CLIENT_manual,NO_LOGUEADO,,S,1785446100.77,2026-07-30 21:15:00,4088.8,1785496530.768,2026-07-31 11:15:30,4051.39,SL,4112.149347977185,GANADORA,-0.0300000000002,0.2300000190734863,-23243.767999887463,11.510000000000218,False,False,False,False,False,False,True,False,,,1.0,False,,1733.2899999999927,925.5000028846913,2506.4700000000207,2026-07-31,925.9285782074151,2320812.2034195587,False,True,True,773.180000000028
REAL,EMPAREJADA,55256241.0,SuperTrend::SuperTrend-p14x3-M15,BUY,1785696303.0,2026-08-02 18:45:03,4067.19,1785704419.0,2026-08-02 21:00:19,4051.99,SL,-947824.88,0.67,-1414664.0,PERDEDORA,False,,NO_LOGUEADO,,L,1785516907.289947,2026-07-31 16:55:07,4078.22,1785704419.141,2026-08-02 21:00:19,4051.92,SL,4033.954016104281,PERDEDORA,-11.029999999999744,179395.71005296707,-0.1410000324249267,0.0699999999997089,False,False,True,False,True,False,True,False,,,3.0,False,,-1018.4000000000184,930.6999999999832,-1762.0999999999817,2026-08-02,930.7000049379948,-1639986.4787012236,True,True,True,-743.6999999999633
REAL,EMPAREJADA,55257317.0,SuperTrend::SuperTrend-p14x3-M15,BUY,1785704431.0,2026-08-02 21:00:31,4054.22,1785705273.0,2026-08-02 21:14:33,4051.99,SL,-139055.89,0.67,-207546.10447761195,PERDEDORA,False,,NO_LOGUEADO,,L,1785704430.0,2026-08-02 21:00:30,4053.52,1785705273.95,2026-08-02 21:14:33,4051.79,SL,4051.991170645105,PERDEDORA,0.6999999999998181,1.0,-0.9500000476837158,0.1999999999998181,False,False,True,False,True,False,True,False,,,3.0,False,,-149.41000000000122,930.7000200789698,-115.91000000000122,2026-08-02,930.7000049379948,-107877.43757236411,True,True,True,33.5
REAL,EMPAREJADA,55257490.0,SuperTrend::SuperTrend-p14x3-M15,BUY,1785705307.0,2026-08-02 21:15:07,4052.79,1785705351.0,2026-08-02 21:15:51,4051.99,SL,-49885.52,0.67,-74455.99999999999,PERDEDORA,False,,CLAMPED,4051.77,L,1785705289.77,2026-08-02 21:14:49,4052.58,1785705351.405,2026-08-02 21:15:51,4051.97,SL,4051.58,PERDEDORA,0.2100000000000363,17.230000019073486,-0.4049999713897705,0.0199999999999818,False,False,True,False,True,False,True,True,0.1900000000000545,False,3.0,False,,-53.600000000012194,930.6999999997882,-40.87000000000853,2026-08-02,930.7000049379948,-38037.70920182379,True,True,True,12.730000000003663
REAL,EMPAREJADA,55257594.0,SuperTrend::SuperTrend-p14x3-M15,BUY,1785705857.0,2026-08-02 21:24:17,4052.8,1785706262.0,2026-08-02 21:31:02,4051.99,SL,-50509.09,0.67,-75386.70149253731,PERDEDORA,False,,CLAMPED,4051.8,L,1785705871.77,2026-08-02 21:24:31,4053.99,1785706262.201,2026-08-02 21:31:02,4051.9,SL,4051.991170645105,PERDEDORA,-1.1899999999995998,-14.769999980926514,-0.2009999752044677,0.0899999999996907,False,False,True,False,True,False,True,True,-0.1911706451046484,False,3.0,False,,-54.27000000002682,930.7000184259266,-140.02999999997928,2026-08-02,930.7000049379948,-130325.92169144812,True,True,True,-85.75999999995247
REAL,EMPAREJADA,55257869.0,SuperTrend::SuperTrend-p14x3-M15,BUY,1785706421.0,2026-08-02 21:33:41,4052.59,1785706442.0,2026-08-02 21:34:02,4051.99,SL,-37414.14,0.67,-55841.99999999999,PERDEDORA,False,,CLAMPED,4051.59,L,1785706419.77,2026-08-02 21:33:39,4052.51,1785706442.956,2026-08-02 21:34:02,4051.83,SL,4051.51,PERDEDORA,0.0799999999999272,1.2300000190734863,-0.9560000896453856,0.1599999999998544,False,False,True,False,True,False,True,True,0.0799999999999272,False,3.0,False,,-40.200000000024374,930.6999999994357,-45.5600000000195,2026-08-02,930.7000049379948,-42402.69222499319,True,True,True,-5.359999999995125
REAL,EMPAREJADA,55257873.0,SuperTrend::SuperTrend-p14x3-M15,BUY,1785706469.0,2026-08-02 21:34:29,4052.98,1785706877.0,2026-08-02 21:41:17,4051.98,SL,-62356.9,0.67,-93070.0,PERDEDORA,False,,CLAMPED,4051.98,L,1785706467.0,2026-08-02 21:34:27,4053.12,1785706852.692,2026-08-02 21:40:52,4051.99,SL,4051.991170645105,PERDEDORA,-0.1399999999998726,2.0,24.30800008773804,-0.0099999999997635,False,False,False,False,True,False,True,True,-0.0111706451048121,False,2.0,False,,-67.0,930.7,-75.71000000000731,2026-08-02,930.7000049379948,-70463.29737386238,True,True,True,-8.710000000007312
REAL,EMPAREJADA,55258160.0,SuperTrend::SuperTrend-p14x3-M15,SELL,1785707112.0,2026-08-02 21:45:12,4050.99,1785754240.0,2026-08-03 10:50:40,4036.88,CLIENT_manual,874561.79,0.67,1305316.1044776118,GANADORA,True,CLIENT_manual,NO_LOGUEADO,,S,1785707110.77,2026-08-02 21:45:10,4050.89,1785770517.022,2026-08-03 15:21:57,4051.24,SL,4075.598389087632,PERDEDORA,0.099999999999909,1.2300000190734863,-16277.022000074388,-14.359999999999673,False,False,False,False,False,False,False,False,,,0.0,False,,945.3699999999781,925.1000031733822,-23.44999999999391,2026-08-03,928.3269343420395,-21769.26661031517,False,True,True,-968.819999999972
REPLICA_SIN_PAREJA,SIN_PAREJA,,SuperTrend::SuperTrend-p14x3-M15,,,,,,,,,,,,,False,,,,L,1785776344.2699685,2026-08-03 16:59:04,4054.45,1785790981.761,2026-08-03 21:03:01,4045.77,SL,4039.81766008891,PERDEDORA,,,,,,,,,,,,,,,,,,,,-581.559999999989,2026-08-03,928.3269343420395,-539877.8119359463,False,True,False,
REAL,EMPAREJADA,55267287.0,SuperTrend::SuperTrend-p14x3-M15,BUY,1785782714.0,2026-08-03 18:45:14,4053.27,1785790981.0,2026-08-03 21:03:01,4045.8,SL,-463378.67,0.67,-691609.9552238805,PERDEDORA,False,,NO_LOGUEADO,,L,1785706861.2499995,2026-08-02 21:41:01,4052.97,1785706881.391,2026-08-02 21:41:21,4051.62,SL,4051.97,PERDEDORA,0.3000000000001819,75852.75000047684,84099.60899996758,-5.819999999999709,False,False,False,False,True,False,True,False,,,2.0,False,,-500.4899999999866,925.8500069931715,-90.4499999999939,2026-08-02,930.7000049379948,-84181.81544663596,True,True,True,410.0399999999927
REAL,EMPAREJADA,55267941.0,SuperTrend::SuperTrend-p14x3-M15,BUY,1785790997.0,2026-08-03 21:03:17,4048.04,1785791068.0,2026-08-03 21:04:28,4045.8,SL,-138951.57,0.67,-207390.40298507464,PERDEDORA,False,,NO_LOGUEADO,,L,1785790996.77,2026-08-03 21:03:16,4047.46,1785791068.223,2026-08-03 21:04:28,4045.6,SL,4045.7982714418936,PERDEDORA,0.5799999999999272,0.2300000190734863,-0.2230000495910644,0.2000000000002728,False,False,True,False,True,False,True,False,,,3.0,False,,-150.07999999998538,925.8500133263162,-124.62000000000855,2026-08-03,928.3269343420395,-115688.1025577129,True,True,True,25.45999999997683
REAL,EMPAREJADA,55267963.0,SuperTrend::SuperTrend-p14x3-M15,BUY,1785791092.0,2026-08-03 21:04:52,4046.89,1785791116.0,2026-08-03 21:05:16,4045.8,SL,-67614.83,0.67,-100917.65671641791,PERDEDORA,False,,NO_LOGUEADO,,L,1785791091.77,2026-08-03 21:04:51,4047.25,1785791116.809,2026-08-03 21:05:16,4045.68,SL,4045.7982714418936,PERDEDORA,-0.3600000000001273,0.2300000190734863,-0.8090000152587891,0.1200000000003456,False,False,True,False,True,False,True,False,,,3.0,False,,-73.0299999999793,925.8500616187755,-105.19000000001097,2026-08-03,928.3269343420395,-97650.71022344932,True,True,True,-32.16000000003167
REAL,EMPAREJADA,55267972.0,SuperTrend::SuperTrend-p14x3-M15,BUY,1785791139.0,2026-08-03 21:05:39,4046.37,1785791145.0,2026-08-03 21:05:45,4045.33,SL,-64513.23,0.67,-96288.40298507464,PERDEDORA,False,,CLAMPED,4045.33,L,1785791138.77,2026-08-03 21:05:38,4046.31,1785791145.663,2026-08-03 21:05:45,4045.29,SL,4045.31,PERDEDORA,0.0599999999999454,0.2300000190734863,-0.6630001068115234,0.0399999999999636,False,False,True,False,True,False,True,True,0.0199999999999818,False,3.0,False,,-69.67999999999756,925.8500287026731,-68.3399999999988,2026-08-03,928.3269343420395,-63441.862692933864,True,True,True,1.339999999998767
REAL,EMPAREJADA,55268071.0,SuperTrend::SuperTrend-p14x3-M15,BUY,1785791515.0,2026-08-03 21:11:55,4047.26,1785814398.0,2026-08-04 03:33:18,4065.91,TP,1155646.32,0.67,1724845.2537313432,GANADORA,True,TP,NO_LOGUEADO,,L,1785791514.77,2026-08-03 21:11:54,4047.33,1785819967.529,2026-08-04 05:06:07,4051.9,SL,4045.7982714418936,GANADORA,-0.0699999999997089,0.2300000190734863,-5569.529000043869,14.009999999999764,False,False,False,False,False,False,True,False,,,1.0,False,,1249.5499999999756,924.8500020007383,306.19000000001097,2026-08-04,914.9375280948195,280144.72172736283,False,True,True,-943.3599999999647
REAL,EMPAREJADA,55279445.0,SuperTrend::SuperTrend-p14x3-M15,BUY,1785869103.0,2026-08-04 18:45:03,4084.86,1785870029.0,2026-08-04 19:00:29,4072.53,SL,-752999.27,0.67,-1123879.5074626866,PERDEDORA,False,,NO_LOGUEADO,,L,1785862743.729938,2026-08-04 16:59:03,4078.51,1785870029.594,2026-08-04 19:00:29,4072.43,SL,4072.534333364764,PERDEDORA,6.349999999999909,6359.270061969757,-0.5940001010894775,0.1000000000003638,False,False,True,False,True,False,True,False,,,3.0,False,,-826.1099999999951,911.5000060524682,-407.36000000002565,2026-08-04,914.9375280948195,-372708.9514447292,True,True,True,418.7499999999695
REPLICA_SIN_PAREJA,SIN_PAREJA,,SuperTrend::SuperTrend-p14x3-M15,,,,,,,,,,,,,False,,,,L,1785870032.0,2026-08-04 19:00:32,4073.52,1785870033.219,2026-08-04 19:00:33,4072.45,SL,4072.52,PERDEDORA,,,,,,,,,,,,,,,,,,,,-71.69000000001098,2026-08-04,914.9375280948195,-65591.87138912766,False,True,False,
REAL,EMPAREJADA,55279610.0,SuperTrend::SuperTrend-p14x3-M15,BUY,1785870789.0,2026-08-04 19:13:09,4073.09,1785870815.0,2026-08-04 19:13:35,4072.09,SL,-61070.5,0.67,-91150.0,PERDEDORA,False,,CLAMPED,4072.09,L,1785870804.77,2026-08-04 19:13:24,4073.25,1785870811.657,2026-08-04 19:13:31,4072.25,SL,4072.25,PERDEDORA,-0.1599999999998544,-15.769999980926514,3.3429999351501465,-0.1599999999998544,False,False,False,False,True,False,True,True,-0.1599999999998544,False,2.0,False,,-67.0,911.5,-67.0,2026-08-04,914.9375280948195,-61300.81438235291,True,True,True,0.0
REAL,EMPAREJADA,55279616.0,SuperTrend::SuperTrend-p14x3-M15,BUY,1785870884.0,2026-08-04 19:14:44,4074.12,1785871136.0,2026-08-04 19:18:56,4072.53,SL,-97102.1,0.67,-144928.50746268657,PERDEDORA,False,,NO_LOGUEADO,,L,1785870883.0,2026-08-04 19:14:43,4074.18,1785871136.026,2026-08-04 19:18:56,4072.36,SL,4072.534333364764,PERDEDORA,-0.0599999999999454,1.0,-0.0260000228881835,0.1700000000000727,False,False,True,False,True,False,True,False,,,3.0,False,,-106.5299999999793,911.5000469353129,-121.93999999998051,2026-08-04,914.9375280948195,-111567.48217586447,True,True,True,-15.410000000001219
REAL,EMPAREJADA,55279634.0,SuperTrend::SuperTrend-p14x3-M15,BUY,1785871152.0,2026-08-04 19:19:12,4073.44,1785871189.0,2026-08-04 19:19:49,4072.45,SL,-60459.8,0.67,-90238.50746268655,PERDEDORA,False,,CLAMPED,4072.44,L,1785871167.77,2026-08-04 19:19:27,4073.42,1785871189.254,2026-08-04 19:19:49,4072.47,SL,4072.42,PERDEDORA,0.0199999999999818,-15.769999980926514,-0.2539999485015869,-0.0199999999999818,False,False,True,False,True,False,True,True,0.0199999999999818,False,3.0,False,,-66.33000000001584,911.5000753804547,-63.65000000001828,2026-08-04,914.9375280948195,-58235.77366325199,True,True,True,2.6799999999975626
REAL,EMPAREJADA,55279682.0,SuperTrend::SuperTrend-p14x3-M15,SELL,1785871815.0,2026-08-04 19:30:15,4065.86,1785877876.0,2026-08-04 21:11:16,4086.55,SL,-1263548.65,0.67,-1885893.5074626864,PERDEDORA,False,,NO_LOGUEADO,,S,1785871813.77,2026-08-04 19:30:13,4065.74,1785877876.981,2026-08-04 21:11:16,4086.61,SL,4089.200550021782,PERDEDORA,0.1200000000003456,1.2300000190734863,-0.9809999465942384,-0.0599999999999454,False,False,True,False,True,False,True,False,,,3.0,False,,-1386.2300000000037,911.5000036069026,-1398.2900000000232,2026-08-04,914.9375280948195,-1279347.9961597263,True,True,True,-12.0600000000195
REAL,EMPAREJADA,55280178.0,SuperTrend::SuperTrend-p14x3-M15,SELL,1785877882.0,2026-08-04 21:11:22,4085.96,1785877961.0,2026-08-04 21:12:41,4086.55,SL,-36031.6,0.67,-53778.50746268656,PERDEDORA,False,,CLAMPED,4086.97,S,1785877882.0,2026-08-04 21:11:22,4086.02,1785877961.754,2026-08-04 21:12:41,4086.59,SL,4087.02,PERDEDORA,-0.0599999999999454,0.0,-0.7539999485015869,-0.0399999999999636,False,True,True,False,True,False,True,True,-0.0500000000001819,False,4.0,False,,-39.53000000000975,911.5001264859882,-38.19000000001097,2026-08-04,914.9375280948195,-34941.464197951194,True,True,True,1.3399999999987813
REAL,EMPAREJADA,55280203.0,SuperTrend::SuperTrend-p14x3-M15,SELL,1785878024.0,2026-08-04 21:13:44,4085.81,1785878098.0,2026-08-04 21:14:58,4086.55,SL,-45192.17,0.67,-67451.0,PERDEDORA,False,,CLAMPED,4086.81,S,1785878007.0,2026-08-04 21:13:27,4085.6,1785878008.307,2026-08-04 21:13:28,4086.7,SL,4086.6,PERDEDORA,0.2100000000000363,17.0,89.6930000782013,-0.1499999999996362,False,False,False,False,True,False,True,True,0.2100000000000363,False,2.0,False,,-49.58000000001584,911.4999999997087,-73.69999999999392,2026-08-04,914.9375280948195,-67430.89582058263,True,True,True,-24.119999999978077
REPLICA_SIN_PAREJA,SIN_PAREJA,,SuperTrend::SuperTrend-p14x3-M15,,,,,,,,,,,,,False,,,,S,1785878038.77,2026-08-04 21:13:58,4084.14,1785878098.605,2026-08-04 21:14:58,4086.65,SL,4086.549796448797,PERDEDORA,,,,,,,,,,,,,,,,,,,,-168.17000000001462,2026-08-04,914.9375280948195,-153865.04409971918,False,True,False,
REAL,EMPAREJADA,55280217.0,SuperTrend::SuperTrend-p14x3-M15,SELL,1785878103.0,2026-08-04 21:15:03,4085.98,1785878132.0,2026-08-04 21:15:32,4086.73,SL,-45802.88,0.67,-68362.50746268655,PERDEDORA,False,,CLAMPED,4087.04,S,1785878102.0,2026-08-04 21:15:02,4085.89,1785878116.404,2026-08-04 21:15:16,4086.9,SL,4086.89,PERDEDORA,0.0900000000001455,1.0,15.59599995613098,-0.1700000000000727,False,False,False,False,True,False,True,True,0.1500000000000909,False,2.0,False,,-50.25000000000001,911.5000995024874,-67.67000000001462,2026-08-04,914.9375280948195,-61913.82252618982,True,True,True,-17.420000000014618
REAL,EMPAREJADA,55280254.0,SuperTrend::SuperTrend-p14x3-M15,SELL,1785878338.0,2026-08-04 21:18:58,4086.0,1785878353.0,2026-08-04 21:19:13,4087.04,SL,-63513.32,0.67,-94796.0,PERDEDORA,False,,CLAMPED,4087.04,S,1785878118.0,2026-08-04 21:15:18,4086.0,1785878133.77,2026-08-04 21:15:33,4086.61,FALLBACK_CLOSE_INVALID_SL,4087.0,PERDEDORA,0.0,220.0,219.2300000190735,0.4299999999998363,True,False,False,False,True,False,True,True,0.0399999999999636,False,3.0,False,,-69.67999999999756,911.5000000000318,-40.87000000000853,2026-08-04,914.9375280948195,-37393.49677324308,True,True,True,28.80999999998903
REAL,EMPAREJADA,55280272.0,SuperTrend::SuperTrend-p14x3-M15,SELL,1785878683.0,2026-08-04 21:24:43,4085.22,1785879018.0,2026-08-04 21:30:18,4086.55,SL,-81223.77,0.67,-121229.50746268655,PERDEDORA,False,,NO_LOGUEADO,,S,1785878682.77,2026-08-04 21:24:42,4085.46,1785879018.776,2026-08-04 21:30:18,4086.82,SL,4086.549796448797,PERDEDORA,-0.2400000000002364,0.2300000190734863,-0.7760000228881836,-0.2699999999999818,False,False,True,False,True,False,True,False,,,3.0,False,,-89.11000000002561,911.5000561101634,-91.12000000000855,2026-08-04,914.9375280948195,-83369.10756000777,True,True,True,-2.009999999982938
REAL,EMPAREJADA,55280302.0,SuperTrend::SuperTrend-p14x3-M15,SELL,1785879028.0,2026-08-04 21:30:28,4085.37,1785879359.0,2026-08-04 21:35:59,4086.55,SL,-72063.19,0.67,-107557.0,PERDEDORA,False,,NO_LOGUEADO,,S,1785879027.0,2026-08-04 21:30:27,4085.41,1785879359.764,2026-08-04 21:35:59,4087.14,SL,4086.549796448797,PERDEDORA,-0.0399999999999636,1.0,-0.7639999389648438,-0.5899999999996908,False,False,True,False,True,False,True,False,,,3.0,False,,-79.0600000000195,911.4999999997752,-115.91000000000122,2026-08-04,914.9375280948195,-106050.40888147165,True,True,True,-36.84999999998172
REAL,EMPAREJADA,55280383.0,SuperTrend::SuperTrend-p14x3-M15,BUY,1785879907.0,2026-08-04 21:45:07,4093.56,1785918711.0,2026-08-05 08:31:51,4201.96,CLIENT_manual,6612779.4,0.67,9869820.0,GANADORA,True,CLIENT_manual,NO_LOGUEADO,,L,1785879906.77,2026-08-04 21:45:06,4093.81,1785972304.725,2026-08-05 23:25:04,4263.14,SL,4066.901620523032,GANADORA,-0.25,0.2300000190734863,-53593.72499990463,-61.18000000000029,False,False,False,False,False,False,True,False,,,1.0,False,,7262.8000000000075,910.4999999999991,11345.110000000026,2026-08-05,913.7666785117875,10366783.48205089,False,True,True,4082.3100000000186
REAL,EMPAREJADA,55292360.0,SuperTrend::SuperTrend-p14x3-M15,BUY,1785955505.0,2026-08-05 18:45:05,4248.59,1785964326.0,2026-08-05 21:12:06,4283.77,CLIENT_manual,2153174.31,0.67,3213693.0,GANADORA,True,CLIENT_manual,NO_LOGUEADO,,L,1785972314.0,2026-08-05 23:25:14,4264.11,1785972338.367,2026-08-05 23:25:38,4261.61,SL,4263.11,PERDEDORA,-15.519999999999529,-16809.0,-8012.367000102997,22.160000000000764,False,False,False,False,False,False,False,False,,,0.0,False,,2357.06000000002,913.4999999999923,-167.5,2026-08-05,913.7666785117875,-153055.9186507244,False,True,True,-2524.56000000002
REAL,EMPAREJADA,55293817.0,SuperTrend::SuperTrend-p14x3-M15,BUY,1785964326.0,2026-08-05 21:12:06,4284.43,1785972304.0,2026-08-05 23:25:04,4263.16,SL,-1303244.81,0.67,-1945141.5074626864,PERDEDORA,False,,NO_LOGUEADO,,L,1785972533.77,2026-08-05 23:28:53,4264.1,1785972546.975,2026-08-05 23:29:06,4263.07,SL,4263.1,PERDEDORA,20.329999999999927,-8207.769999980927,-242.97499990463257,0.0900000000001455,False,False,False,False,True,False,True,False,,,2.0,False,,-1425.0900000000292,914.5000035085316,-69.01000000004387,2026-08-05,913.7666785117875,-63059.038484138546,True,True,True,1356.0799999999854
REAL,EMPAREJADA,55295132.0,SuperTrend::SuperTrend-p14x3-M15,BUY,1785972315.0,2026-08-05 23:25:15,4263.92,1785972338.0,2026-08-05 23:25:38,4263.04,SL,-53918.92,0.67,-80475.99999999999,PERDEDORA,False,,CLAMPED,4262.92,L,1785972564.77,2026-08-05 23:29:24,4264.83,1785972815.321,2026-08-05 23:33:35,4263.1,SL,4263.16342017078,PERDEDORA,-0.9099999999998544,-249.7699999809265,-477.3210000991821,-0.0600000000004001,False,False,False,False,True,False,True,True,-0.2434201707801548,False,2.0,False,,-58.96000000000732,914.4999999998864,-115.90999999997076,2026-08-05,913.7666785117875,-105914.69570627458,True,True,True,-56.949999999963445
REAL,EMPAREJADA,55295210.0,SuperTrend::SuperTrend-p14x3-M15,BUY,1785972535.0,2026-08-05 23:28:55,4264.22,1785972546.0,2026-08-05 23:29:06,4263.08,SL,-69849.51,0.67,-104253.0,PERDEDORA,False,,CLAMPED,4263.08,L,1785972817.0,2026-08-05 23:33:37,4263.75,1785973198.451,2026-08-05 23:39:58,4263.15,SL,4262.75,PERDEDORA,0.4700000000002546,-282.0,-652.4509999752045,-0.0699999999997089,False,False,False,False,True,False,True,True,0.3299999999999272,False,2.0,False,,-76.38000000002194,914.4999999997373,-40.200000000024374,2026-08-05,913.7666785117875,-36733.42047619613,True,True,True,36.17999999999756
REAL,EMPAREJADA,55295218.0,SuperTrend::SuperTrend-p14x3-M15,BUY,1785972566.0,2026-08-05 23:29:26,4265.04,1785972815.0,2026-08-05 23:33:35,4263.16,SL,-115190.42,0.67,-171926.0,PERDEDORA,False,,NO_LOGUEADO,,L,1785973211.2499995,2026-08-05 23:40:11,4264.65,1785973247.553,2026-08-05 23:40:47,4263.11,SL,4263.16342017078,PERDEDORA,0.3900000000003274,-645.2499995231628,-432.5529999732971,0.0500000000001819,False,False,False,False,True,False,True,False,,,2.0,False,,-125.96000000000731,914.4999999999469,-103.17999999999756,2026-08-05,913.7666785117875,-94282.44588884401,True,True,True,22.78000000000975
REAL,EMPAREJADA,55295271.0,SuperTrend::SuperTrend-p14x3-M15,BUY,1785972818.0,2026-08-05 23:33:38,4264.13,1785973247.0,2026-08-05 23:40:47,4263.13,SL,-61271.5,0.67,-91450.0,PERDEDORA,False,,CLAMPED,4263.13,L,1785973321.0,2026-08-05 23:42:01,4263.72,1785973328.031,2026-08-05 23:42:08,4262.63,SL,4262.72,PERDEDORA,0.4099999999998545,-503.0,-81.03099989891052,0.5,False,False,False,False,True,False,True,True,0.4099999999998545,False,2.0,False,,-67.0,914.5,-73.03000000000975,2026-08-05,913.7666785117875,-66732.38053172475,True,True,True,-6.03000000000975
REAL,EMPAREJADA,55295332.0,SuperTrend::SuperTrend-p14x3-M15,BUY,1785973432.0,2026-08-05 23:43:52,4264.3,1785973438.0,2026-08-05 23:43:58,4263.16,SL,-69849.51,0.67,-104253.0,PERDEDORA,False,,NO_LOGUEADO,,L,1785973431.77,2026-08-05 23:43:51,4264.4,1785973438.117,2026-08-05 23:43:58,4263.07,SL,4263.16342017078,PERDEDORA,-0.0999999999994543,0.2300000190734863,-0.1170001029968261,0.0900000000001455,False,False,True,False,True,False,True,False,,,3.0,False,,-76.38000000002194,914.4999999997373,-89.10999999999513,2026-08-05,913.7666785117875,-81425.74872218093,True,True,True,-12.729999999973188
REAL,EMPAREJADA,55295335.0,SuperTrend::SuperTrend-p14x3-M15,BUY,1785973448.0,2026-08-05 23:44:08,4263.86,1785973469.0,2026-08-05 23:44:29,4263.16,SL,-42890.05,0.67,-64015.0,PERDEDORA,False,,CLAMPED,4262.86,L,1785973447.77,2026-08-05 23:44:07,4263.86,1785973470.714,2026-08-05 23:44:30,4262.82,SL,4262.86,PERDEDORA,0.0,0.2300000190734863,-1.7139999866485596,0.3400000000001455,True,False,False,False,True,False,True,True,0.0,True,3.0,False,,-46.89999999998782,914.5000000002376,-69.67999999999756,2026-08-05,913.7666785117875,-63671.26215869913,True,True,True,-22.780000000009743
REAL,EMPAREJADA,55295340.0,SuperTrend::SuperTrend-p14x3-M15,SELL,1785973512.0,2026-08-05 23:45:12,4262.4,1785992535.0,2026-08-06 05:02:15,4282.87,SL,-1254227.61,0.67,-1871981.5074626864,PERDEDORA,False,,NO_LOGUEADO,,S,1785973510.77,2026-08-05 23:45:10,4262.46,1785992535.137,2026-08-06 05:02:15,4282.89,SL,4297.190006850879,PERDEDORA,-0.0600000000004001,1.2300000190734863,-0.1370000839233398,-0.0200000000004365,False,False,True,False,True,False,True,False,,,3.0,False,,-1371.490000000017,914.5000036456587,-1368.8100000000195,2026-08-06,916.2199912093663,-1254131.0861673106,True,True,True,2.6799999999975626
REAL,EMPAREJADA,55304732.0,SuperTrend::SuperTrend-p14x3-M15,SELL,1786041902.0,2026-08-06 18:45:02,4239.16,1786052591.0,2026-08-06 21:43:11,4255.9,SL,-1028376.7,0.67,-1534890.5970149252,PERDEDORA,False,,NO_LOGUEADO,,S,1786041901.0,2026-08-06 18:45:01,4239.16,1786052591.232,2026-08-06 21:43:11,4255.97,SL,4262.784850662624,PERDEDORA,0.0,1.0,-0.2320001125335693,-0.0700000000006184,True,False,True,False,True,False,True,False,,,4.0,False,,-1121.5799999999854,916.8999982168132,-1126.2700000000268,2026-08-06,916.2199912093663,-1031911.0894993976,True,True,True,-4.690000000041437
REAL,EMPAREJADA,55305597.0,SuperTrend::SuperTrend-p14x3-M15,SELL,1786052598.0,2026-08-06 21:43:18,4253.32,1786052658.0,2026-08-06 21:44:18,4255.9,SL,-158495.33,0.67,-236560.1940298507,PERDEDORA,False,,NO_LOGUEADO,,S,1786052598.0,2026-08-06 21:43:18,4253.33,1786052658.753,2026-08-06 21:44:18,4256.47,SL,4255.896335055626,PERDEDORA,-0.0100000000002182,0.0,-0.753000020980835,-0.5700000000006185,False,True,True,False,True,False,True,False,,,4.0,False,,-172.85999999999513,916.8999768599124,-210.38000000002194,2026-08-06,916.2199912093663,-192754.36175064658,True,True,True,-37.52000000002681
REAL,EMPAREJADA,55305634.0,SuperTrend::SuperTrend-p14x3-M15,BUY,1786052708.0,2026-08-06 21:45:08,4256.32,1786088862.0,2026-08-07 07:47:42,4324.0,CLIENT_manual,4153203.5,0.67,6198811.19402985,GANADORA,True,CLIENT_manual,NO_LOGUEADO,,L,1786052707.77,2026-08-06 21:45:07,4256.11,1786309514.783,2026-08-09 21:05:14,4324.64,SL,4228.395421291379,GANADORA,0.2100000000000363,0.2300000190734863,-220652.7829999924,-0.6400000000003274,False,False,False,False,False,False,True,False,,,1.0,False,,4534.5600000000195,915.8999991178819,4591.510000000044,2026-08-09,913.6730799302402,4195139.083230537,False,True,True,56.950000000024374
REAL,SIN_PAREJA,55317670.0,SuperTrend::SuperTrend-p14x3-M15,BUY,1786301115.0,2026-08-09 18:45:15,4340.99,1786309514.0,2026-08-09 21:05:14,4324.66,SL,-999743.01,0.67,-1492153.7462686566,PERDEDORA,False,,NO_LOGUEADO,,,,,,,,,,,,,,,,,,,,,,,,,,,,,-1094.1099999999954,913.7499977150417,,,,,False,True,False,
REAL,EMPAREJADA,55318523.0,SuperTrend::SuperTrend-p14x3-M15,BUY,1786309539.0,2026-08-09 21:05:39,4325.68,1786309542.0,2026-08-09 21:05:42,4324.61,SL,-65506.74,0.67,-97771.25373134328,PERDEDORA,False,,CLAMPED,4324.61,L,1786309538.0,2026-08-09 21:05:38,4325.25,1786309551.499,2026-08-09 21:05:51,4324.11,SL,4324.25,PERDEDORA,0.430000000000291,1.0,-9.499000072479248,0.5,False,False,False,False,True,False,True,True,0.3599999999996726,False,2.0,False,,-71.69000000004144,913.7500348718389,-76.38000000002194,2026-08-09,913.6730799302402,-69786.34984509178,True,True,True,-4.6899999999805
REAL,EMPAREJADA,55318537.0,SuperTrend::SuperTrend-p14x3-M15,BUY,1786309618.0,2026-08-09 21:06:58,4325.66,1786309623.0,2026-08-09 21:07:03,4324.66,SL,-61221.25,0.67,-91375.0,PERDEDORA,False,,NO_LOGUEADO,,L,1786309616.77,2026-08-09 21:06:56,4325.5,1786309677.525,2026-08-09 21:07:57,4324.62,SL,4324.5,PERDEDORA,0.1599999999998544,1.2300000190734863,-54.52500009536743,0.0399999999999636,False,False,False,False,True,False,True,False,,,2.0,False,,-67.0,913.75,-58.96000000000732,2026-08-09,913.6730799302402,-53870.16479269365,True,True,True,8.03999999999268
REAL,SIN_PAREJA,55318544.0,SuperTrend::SuperTrend-p14x3-M15,BUY,1786309634.0,2026-08-09 21:07:14,4326.55,1786309677.0,2026-08-09 21:07:57,4324.66,SL,-115708.16,0.67,-172698.74626865672,PERDEDORA,False,,NO_LOGUEADO,,,,,,,,,,,,,,,,,,,,,,,,,,,,,-126.63000000002194,913.7499802572847,,,,,False,True,False,
REAL,SIN_PAREJA,55318552.0,SuperTrend::SuperTrend-p14x3-M15,BUY,1786309697.0,2026-08-09 21:08:17,4325.99,1786309700.0,2026-08-09 21:08:20,4324.66,SL,-81424.26,0.67,-121528.7462686567,PERDEDORA,False,,NO_LOGUEADO,,,,,,,,,,,,,,,,,,,,,,,,,,,,,-89.10999999999513,913.7499719448373,,,,,False,True,False,
REAL,EMPAREJADA,55318556.0,SuperTrend::SuperTrend-p14x3-M15,BUY,1786309713.0,2026-08-09 21:08:33,4325.67,1786309720.0,2026-08-09 21:08:40,4324.66,SL,-61833.46,0.67,-92288.74626865672,PERDEDORA,False,,NO_LOGUEADO,,L,1786309695.77,2026-08-09 21:08:15,4325.69,1786309700.207,2026-08-09 21:08:20,4324.5,SL,4324.655114914415,PERDEDORA,-0.019999999999527,17.230000019073486,19.792999982833862,0.1599999999998544,False,False,False,False,True,False,True,False,,,2.0,False,,-67.67000000001462,913.7499630558096,-79.72999999997319,2026-08-09,913.6730799302402,-72847.15466281355,True,True,True,-12.059999999958563
REAL,EMPAREJADA,55318566.0,SuperTrend::SuperTrend-p14x3-M15,BUY,1786309760.0,2026-08-09 21:09:20,4327.35,1786309770.0,2026-08-09 21:09:30,4324.66,SL,-164685.16,0.67,-245798.74626865672,PERDEDORA,False,,NO_LOGUEADO,,L,1786309759.77,2026-08-09 21:09:19,4326.95,1786309770.553,2026-08-09 21:09:30,4324.43,SL,4324.655114914415,PERDEDORA,0.4000000000005457,0.2300000190734863,-0.5529999732971191,0.2299999999995634,False,False,True,False,True,False,True,False,,,3.0,False,,-180.23000000003412,913.7499861286624,-168.8399999999683,2026-08-09,913.6730799302402,-154264.5628153928,True,True,True,11.390000000065811
REAL,EMPAREJADA,55318569.0,SuperTrend::SuperTrend-p14x3-M15,BUY,1786309776.0,2026-08-09 21:09:36,4325.61,1786309782.0,2026-08-09 21:09:42,4324.46,SL,-70404.44,0.67,-105081.25373134328,PERDEDORA,False,,CLAMPED,4324.46,L,1786309776.0,2026-08-09 21:09:36,4325.19,1786309782.135,2026-08-09 21:09:42,4324.16,SL,4324.19,PERDEDORA,0.4200000000000727,0.0,-0.1349999904632568,0.3000000000001819,False,True,True,False,True,False,True,True,0.2700000000004365,False,4.0,False,,-77.04999999997563,913.7500324467525,-69.00999999998294,2026-08-09,913.6730799302402,-63052.579245970286,True,True,True,8.039999999992688
REAL,EMPAREJADA,55318627.0,SuperTrend::SuperTrend-p14x3-M15,BUY,1786310012.0,2026-08-09 21:13:32,4325.17,1786310021.0,2026-08-09 21:13:41,4324.17,SL,-61221.25,0.67,-91375.0,PERDEDORA,False,,CLAMPED,4324.17,L,1786309838.0,2026-08-09 21:10:38,4325.25,1786309839.434,2026-08-09 21:10:39,4324.18,SL,4324.25,PERDEDORA,-0.0799999999999272,174.0,181.5659999847412,-0.0100000000002182,False,False,False,False,True,False,True,True,-0.0799999999999272,False,2.0,False,,-67.0,913.75,-71.6899999999805,2026-08-09,913.6730799302402,-65501.2231001811,True,True,True,-4.6899999999805
REAL,EMPAREJADA,55318642.0,SuperTrend::SuperTrend-p14x3-M15,SELL,1786310107.0,2026-08-09 21:15:07,4322.85,1786326034.0,2026-08-10 01:40:34,4344.69,SL,-1337072.1,0.67,-1995630.0,PERDEDORA,False,,NO_LOGUEADO,,S,1786310105.77,2026-08-09 21:15:05,4322.71,1786326451.011,2026-08-10 01:47:31,4344.8,SL,4358.841533265393,PERDEDORA,0.1400000000003274,1.2300000190734863,-417.010999917984,-0.110000000000582,False,False,False,False,True,False,True,False,,,2.0,False,,-1463.279999999949,913.7500000000318,-1480.0300000000097,2026-08-10,915.6041724764883,-1355121.643390386,True,True,True,-16.75000000006071
REAL,SIN_PAREJA,55321392.0,SuperTrend::SuperTrend-p14x3-M15,SELL,1786326044.0,2026-08-10 01:40:44,4343.24,1786326451.0,2026-08-10 01:47:31,4344.69,SL,-88770.81,0.67,-132493.74626865672,PERDEDORA,False,,NO_LOGUEADO,,,,,,,,,,,,,,,,,,,,,,,,,,,,,-97.14999999998783,913.7499742667126,,,,,False,True,False,
REAL,EMPAREJADA,55321492.0,SuperTrend::SuperTrend-p14x3-M15,SELL,1786326455.0,2026-08-10 01:47:35,4343.79,1786326458.0,2026-08-10 01:47:38,4344.79,SL,-61221.25,0.67,-91375.0,PERDEDORA,False,,CLAMPED,4344.79,S,1786326454.0,2026-08-10 01:47:34,4343.79,1786326458.395,2026-08-10 01:47:38,4344.82,SL,4344.79,PERDEDORA,0.0,1.0,-0.3949999809265136,-0.0299999999997453,True,False,True,False,True,False,True,True,0.0,True,4.0,False,,-67.0,913.75,-69.00999999998294,2026-08-10,915.6041724764883,-63185.843942586835,True,True,True,-2.009999999982938
REAL,EMPAREJADA,55321697.0,SuperTrend::SuperTrend-p14x3-M15,BUY,1786327212.0,2026-08-10 02:00:12,4346.59,1786345495.0,2026-08-10 07:04:55,4334.49,SL,-740777.13,0.67,-1105637.5074626864,PERDEDORA,False,,NO_LOGUEADO,,L,1786327210.77,2026-08-10 02:00:10,4347.04,1786345495.131,2026-08-10 07:04:55,4334.41,SL,4321.893438277079,PERDEDORA,-0.4499999999998181,1.2300000190734863,-0.1310000419616699,0.0799999999999272,False,False,True,False,True,False,True,False,,,3.0,False,,-810.7000000000245,913.750006167482,-846.2100000000074,2026-08-10,915.6041724764883,-774793.406791336,True,True,True,-35.50999999998294
REAL,EMPAREJADA,55331538.0,SuperTrend::SuperTrend-p14x3-M15,BUY,1786387511.0,2026-08-10 18:45:11,4396.18,1786401324.0,2026-08-10 22:35:24,4424.77,CLIENT_manual,1755583.25,0.67,2620273.5074626864,GANADORA,True,CLIENT_manual,NO_LOGUEADO,,L,1786381153.4999456,2026-08-10 16:59:13,4390.99,1786409782.676,2026-08-11 00:56:22,4403.24,SL,4369.291311260954,GANADORA,5.190000000000509,6357.500054359436,-8458.676000118256,21.53000000000065,False,False,False,False,False,False,True,False,,,1.0,False,,1915.53000000001,916.5000026102389,820.7500000000001,2026-08-11,917.3333687920912,752901.3624361089,False,True,True,-1094.7800000000097
REAL,EMPAREJADA,55333601.0,SuperTrend::SuperTrend-p14x3-M15,BUY,1786401327.0,2026-08-10 22:35:27,4425.42,1786409782.0,2026-08-11 00:56:22,4403.29,SL,-1360386.43,0.67,-2030427.5074626864,PERDEDORA,False,,NO_LOGUEADO,,L,1786409783.0,2026-08-11 00:56:23,4404.0,1786410325.797,2026-08-11 01:05:25,4403.26,SL,4403.0,PERDEDORA,21.420000000000076,-8456.0,-543.7969999313354,0.0299999999997453,False,False,False,False,True,False,True,False,,,2.0,False,,-1482.7100000000075,917.5000033721989,-49.57999999998538,2026-08-11,917.3333687920912,-45481.38842469847,True,True,True,1433.1300000000222
REAL,EMPAREJADA,55334110.0,SuperTrend::SuperTrend-p14x3-M15,BUY,1786409784.0,2026-08-11 00:56:24,4404.22,1786410325.0,2026-08-11 01:05:25,4403.29,SL,-57169.43,0.67,-85327.50746268657,PERDEDORA,False,,CLAMPED,4402.96,L,1786410382.77,2026-08-11 01:06:22,4403.82,1786410383.0,2026-08-11 01:06:23,4403.24,FALLBACK_CLOSE_INVALID_SL,4402.82,PERDEDORA,0.4000000000005457,-598.7699999809265,-58.0,0.0500000000001819,False,False,False,False,True,False,True,True,0.1400000000003274,False,2.0,False,,-62.31000000001951,917.5000802436543,-38.859999999995125,2026-08-11,917.3333687920912,-35647.57471125619,True,True,True,23.45000000002438
REAL,EMPAREJADA,55334130.0,SuperTrend::SuperTrend-p14x3-M15,BUY,1786410399.0,2026-08-11 01:06:39,4404.38,1786410425.0,2026-08-11 01:07:05,4403.29,SL,-67005.03,0.67,-100007.50746268655,PERDEDORA,False,,NO_LOGUEADO,,L,1786410398.77,2026-08-11 01:06:38,4404.53,1786410425.753,2026-08-11 01:07:05,4403.28,SL,4403.290504272683,PERDEDORA,-0.1499999999996362,0.2300000190734863,-0.753000020980835,0.0100000000002182,False,False,True,False,True,False,True,False,,,3.0,False,,-73.03000000000975,917.5000684648919,-83.75,2026-08-11,917.3333687920912,-76826.66963633764,True,True,True,-10.71999999999025
REAL,EMPAREJADA,55334139.0,SuperTrend::SuperTrend-p14x3-M15,BUY,1786410447.0,2026-08-11 01:07:27,4404.52,1786410487.0,2026-08-11 01:08:07,4403.29,SL,-75611.18,0.67,-112852.50746268655,PERDEDORA,False,,NO_LOGUEADO,,L,1786410446.77,2026-08-11 01:07:26,4404.73,1786410487.691,2026-08-11 01:08:07,4403.17,SL,4403.290504272683,PERDEDORA,-0.2099999999991268,0.2300000190734863,-0.6909999847412109,0.1199999999998908,False,False,True,False,True,False,True,False,,,3.0,False,,-82.41000000003169,917.5000606718957,-104.51999999996589,2026-08-11,917.3333687920912,-95879.68370611808,True,True,True,-22.109999999934203
REAL,EMPAREJADA,55334142.0,SuperTrend::SuperTrend-p14x3-M15,BUY,1786410494.0,2026-08-11 01:08:14,4405.05,1786410680.0,2026-08-11 01:11:20,4403.29,SL,-108191.6,0.67,-161480.0,PERDEDORA,False,,NO_LOGUEADO,,L,1786410494.0,2026-08-11 01:08:14,4405.05,1786410680.53,2026-08-11 01:11:20,4403.11,SL,4403.290504272683,PERDEDORA,0.0,0.0,-0.5299999713897705,0.180000000000291,True,True,True,False,True,False,True,False,,,5.0,False,,-117.92000000001464,917.4999999998862,-129.98000000003412,2026-08-11,917.3333687920912,-119234.99127562731,True,True,True,-12.060000000019485
REAL,EMPAREJADA,55334188.0,SuperTrend::SuperTrend-p14x3-M15,SELL,1786410904.0,2026-08-11 01:15:04,4401.66,1786431669.0,2026-08-11 07:01:09,4386.3,SL,943188.48,0.67,1407744.0,GANADORA,False,,NO_LOGUEADO,,S,1786410903.77,2026-08-11 01:15:03,4401.58,1786431669.0,2026-08-11 07:01:09,4386.11,FIN_VENTANA,4430.060113863168,GANADORA,0.0799999999999272,0.2300000190734863,0.0,0.1900000000005093,False,False,True,False,,True,True,False,,,2.0,False,,1029.119999999978,916.5000000000196,1036.490000000017,2026-08-11,917.3333687920912,950806.8634193302,True,True,True,7.370000000038999
