position_id,strategy_id,side,evento,reason_name,t_epoch,precio_real,delta_precio_open,delta_t_open_s,spread_open,spread_close,lado,n_ticks_segundo,hit_exacto_segundo,dentro_rango_segundo,dist_min_segundo,q_min_segundo,q_max_segundo,hit_exacto_segundo_lado_opuesto,q_vigente,hit_exacto_vigente,delta_vigente,spread_tick_vigente,n_ticks_1,hit_exacto_1,dentro_rango_1,dist_min_1,n_ticks_2,hit_exacto_2,dentro_rango_2,dist_min_2,n_ticks_5,hit_exacto_5,dentro_rango_5,dist_min_5,n_ticks_30,hit_exacto_30,dentro_rango_30,dist_min_30
55205837,SAR::S6-K2P0,SELL,OPEN,,1785178410,4074.16,0.6900000000000546,61.0,0.5,0.5,bid,0,False,False,,,,False,4074.16,True,0.0,0.5,1,True,True,0.0,1,True,True,0.0,3,True,True,0.0,51,True,True,0.0
55205837,SAR::S6-K2P0,SELL,CLOSE,EXPERT,1785204008,4046.09,,,0.5,0.5,ask,8,True,True,0.0,4046.02,4046.23,False,4046.28,False,-0.19000000000005457,0.5,13,True,True,0.0,37,True,True,0.0,110,True,True,0.0,557,True,True,0.0
55205838,SuperTrend::SuperTrend-p14x3-M15,SELL,OPEN,,1785178410,4074.16,0.6900000000000546,61.0,0.5,,bid,0,False,False,,,,False,4074.16,True,0.0,0.5,1,True,True,0.0,1,True,True,0.0,3,True,True,0.0,51,True,True,0.0
55205838,SuperTrend::SuperTrend-p14x3-M15,SELL,CLOSE,CLIENT_manual,1785232113,4024.95,,,0.5,,ask,9,True,True,0.0,4024.84,4024.97,False,4024.89,False,0.05999999999994543,0.599999999999909,20,True,True,0.0,42,True,True,0.0,117,True,True,0.0,768,True,True,0.0
55216338,SAR::S6-K2P0,SELL,OPEN,,1785264307,4017.87,-12.510000000000218,6358.280044555664,0.5,,bid,3,True,True,0.0,4017.84,4017.87,False,4017.88,False,-0.010000000000218279,0.5,8,True,True,0.0,12,True,True,0.0,36,True,True,0.0,136,True,True,0.0
55216338,SAR::S6-K2P0,SELL,CLOSE,SL,1785268336,4024.61,,,0.5,,ask,10,False,True,0.02999999999974534,4024.26,4024.75,False,4024.21,False,0.40000000000009095,0.5,15,False,True,0.02999999999974534,22,False,True,0.010000000000218279,55,False,True,0.009999999999763531,300,True,True,0.0
55216339,SuperTrend::SuperTrend-p14x3-M15,SELL,OPEN,,1785264308,4017.87,-0.2200000000002546,3.9700522422790527,0.5,,bid,3,False,False,0.01999999999998181,4017.89,4018.08,False,4017.87,True,0.0,0.5,6,True,True,0.0,20,True,True,0.0,38,True,True,0.0,135,True,True,0.0
55216339,SuperTrend::SuperTrend-p14x3-M15,SELL,CLOSE,SL,1785277437,4033.62,,,0.5,,ask,15,False,True,0.009999999999763531,4032.98,4033.71,False,4033.0,False,0.6199999999998909,0.5,21,False,True,0.009999999999763531,45,False,True,0.009999999999763531,98,False,True,0.009999999999763531,499,False,True,0.009999999999763531
55216715,SAR::S6-K2P0,SELL,OPEN,,1785268357,4023.99,0.0199999999999818,1.0,0.5,,bid,6,True,True,0.0,4023.99,4024.12,False,4023.97,False,0.01999999999998181,0.5,10,True,True,0.0,15,True,True,0.0,57,True,True,0.0,257,True,True,0.0
55216715,SAR::S6-K2P0,SELL,CLOSE,SL,1785268575,4024.61,,,0.5,,ask,8,False,True,0.0500000000001819,4024.29,4024.85,False,4024.29,False,0.3200000000001637,0.5,10,False,True,0.0500000000001819,15,False,True,0.0500000000001819,34,False,True,0.0500000000001819,152,True,True,0.0
55216738,SAR::S6-K2P0,SELL,OPEN,,1785268578,4023.91,-0.1000000000003638,-46.769999980926514,0.5,,bid,5,True,True,0.0,4023.91,4024.3,False,4024.28,False,-0.3700000000003456,0.5,8,True,True,0.0,15,True,True,0.0,36,True,True,0.0,144,True,True,0.0
55216738,SAR::S6-K2P0,SELL,CLOSE,EXPERT,1785268594,4024.79,,,0.5,,ask,0,False,False,,,,False,4024.79,True,0.0,0.5,0,False,False,,2,True,True,0.0,10,True,True,0.0,127,True,True,0.0
55217178,SAR::S6-K2P0,SELL,OPEN,,1785272406,4019.93,-0.7800000000002001,1.0,0.5,,bid,20,True,True,0.0,4019.34,4020.37,True,4020.37,False,-0.44000000000005457,0.5,37,True,True,0.0,73,True,True,0.0,193,True,True,0.0,784,True,True,0.0
55217178,SAR::S6-K2P0,SELL,CLOSE,SL,1785274486,4023.22,,,0.5,,ask,18,False,True,0.009999999999763531,4022.75,4023.26,False,4022.81,False,0.4099999999998545,0.5,36,False,True,0.009999999999763531,66,False,True,0.009999999999763531,130,False,True,0.009999999999763531,700,False,True,0.009999999999763531
55217492,SAR::S6-K2P0,SELL,OPEN,,1785274533,4022.58,-0.7800000000002001,-8499.769999980927,0.5,,bid,7,True,True,0.0,4022.42,4022.6,False,4022.6,False,-0.01999999999998181,0.5,13,True,True,0.0,26,True,True,0.0,74,True,True,0.0,526,True,True,0.0
55217492,SAR::S6-K2P0,SELL,CLOSE,SL,1785274535,4023.62,,,0.5,,ask,8,False,True,0.03000000000020009,4023.38,4023.69,False,4023.41,False,0.21000000000003638,0.5,15,False,True,0.03000000000020009,28,False,True,0.03000000000020009,74,False,True,0.03000000000020009,512,False,True,0.009999999999763531
55217571,SAR::S6-K2P0,BUY,OPEN,,1785275111,4027.76,0.1900000000000545,1.0,0.5,,ask,6,True,True,0.0,4027.44,4027.82,False,4027.84,False,-0.07999999999992724,0.5,17,True,True,0.0,33,True,True,0.0,69,True,True,0.0,374,True,True,0.0
55217571,SAR::S6-K2P0,BUY,CLOSE,SL,1785275487,4023.22,,,0.5,,bid,7,True,True,0.0,4023.13,4023.31,False,4023.25,False,-0.03000000000020009,0.5,21,True,True,0.0,27,True,True,0.0,54,True,True,0.0,419,True,True,0.0
55217617,SAR::S6-K2P0,BUY,OPEN,,1785275488,4023.79,-0.3800000000001091,-14.769999980926514,0.5,,ask,4,True,True,0.0,4023.79,4023.85,False,4023.76,False,0.02999999999974534,0.5,11,True,True,0.0,30,True,True,0.0,57,True,True,0.0,408,True,True,0.0
55217617,SAR::S6-K2P0,BUY,CLOSE,SL,1785275493,4022.79,,,0.5,,bid,7,False,True,0.07999999999992724,4022.58,4022.87,False,4022.87,False,-0.07999999999992724,0.5,15,False,True,0.07999999999992724,20,False,True,0.07999999999992724,57,False,True,0.03000000000020009,382,True,True,0.0
55217619,SAR::S6-K2P0,BUY,OPEN,,1785275504,4024.34,0.6100000000001273,-14.769999980926514,0.5,,ask,5,True,True,0.0,4024.3,4024.36,False,4024.36,False,-0.01999999999998181,0.5,19,True,True,0.0,29,True,True,0.0,73,True,True,0.0,383,True,True,0.0
55217619,SAR::S6-K2P0,BUY,CLOSE,SL,1785275514,4023.22,,,0.5,,bid,9,False,True,0.02999999999974534,4023.19,4023.37,False,4023.32,False,-0.1000000000003638,0.5,12,False,True,0.02999999999974534,20,True,True,0.0,53,True,True,0.0,377,True,True,0.0
55217627,SAR::S6-K2P0,BUY,OPEN,,1785275535,4024.19,-0.0700000000001637,-46.0,0.5,,ask,9,True,True,0.0,4024.14,4024.41,False,4024.07,False,0.11999999999989086,0.5,17,True,True,0.0,29,True,True,0.0,71,True,True,0.0,378,True,True,0.0
55217627,SAR::S6-K2P0,BUY,CLOSE,SL,1785275567,4023.19,,,0.5,,bid,13,True,True,0.0,4023.15,4023.34,False,4023.24,False,-0.04999999999972715,0.5,19,True,True,0.0,30,True,True,0.0,56,True,True,0.0,419,True,True,0.0
55217634,SAR::S6-K2P0,BUY,OPEN,,1785275582,4024.06,0.0700000000001637,-140.7699999809265,0.5,,ask,11,True,True,0.0,4024.01,4024.11,False,4024.11,False,-0.0500000000001819,0.5,21,True,True,0.0,50,True,True,0.0,89,True,True,0.0,454,True,True,0.0
55217634,SAR::S6-K2P0,BUY,CLOSE,SL,1785275589,4023.03,,,0.5,,bid,12,False,True,0.009999999999763531,4023.02,4023.42,False,4023.44,False,-0.4099999999998545,0.5,14,False,True,0.009999999999763531,20,False,True,0.009999999999763531,55,True,True,0.0,457,True,True,0.0
55217645,SAR::S6-K2P0,BUY,OPEN,,1785275724,4023.86,-16.539999999999964,-13780.0,0.5,0.5,ask,10,True,True,0.0,4023.78,4024.01,False,4023.82,False,0.03999999999996362,0.5,18,True,True,0.0,43,True,True,0.0,111,True,True,0.0,451,True,True,0.0
55217645,SAR::S6-K2P0,BUY,CLOSE,EXPERT,1785282310,4025.93,,,0.5,0.5,bid,10,True,True,0.0,4025.85,4025.97,False,4025.92,False,0.009999999999763531,0.5,16,True,True,0.0,21,True,True,0.0,65,True,True,0.0,242,True,True,0.0
55217822,SuperTrend::SuperTrend-p14x3-M15,SELL,OPEN,,1785277511,4032.76,0.0200000000004365,1.0,0.5,,bid,12,True,True,0.0,4032.71,4032.83,False,4032.76,True,0.0,0.5,15,True,True,0.0,24,True,True,0.0,58,True,True,0.0,507,True,True,0.0
55217822,SuperTrend::SuperTrend-p14x3-M15,SELL,CLOSE,SL,1785277523,4033.82,,,0.5,,ask,19,False,True,0.5399999999999636,4033.28,4035.26,False,4033.29,False,0.5300000000002001,0.5,21,False,True,0.5300000000002001,42,False,True,0.4800000000000182,86,False,True,0.4800000000000182,465,True,True,0.0
55217828,SuperTrend::SuperTrend-p14x3-M15,SELL,OPEN,,1785277605,4032.27,0.2300000000000182,1.2300000190734863,0.5,,bid,0,False,False,,,,False,4032.27,True,0.0,0.5,9,True,True,0.0,22,True,True,0.0,46,True,True,0.0,356,True,True,0.0
55217828,SuperTrend::SuperTrend-p14x3-M15,SELL,CLOSE,SL,1785277800,4033.62,,,0.5,,ask,16,False,True,0.02999999999974534,4033.38,4033.99,False,4033.37,False,0.25,0.5,23,False,True,0.02999999999974534,46,False,True,0.010000000000218279,99,True,True,0.0,528,True,True,0.0
55217849,SuperTrend::SuperTrend-p14x3-M15,SELL,OPEN,,1785277871,4032.7,-0.3100000000004002,1.0,0.5,,bid,12,True,True,0.0,4032.64,4033.2,False,4033.24,False,-0.5399999999999636,0.5,21,True,True,0.0,46,True,True,0.0,143,True,True,0.0,683,True,True,0.0
55217849,SuperTrend::SuperTrend-p14x3-M15,SELL,CLOSE,SL,1785277875,4033.7,,,0.5,,ask,22,True,True,0.0,4033.43,4033.91,False,4033.39,False,0.30999999999994543,0.5,43,True,True,0.0,70,True,True,0.0,132,True,True,0.0,671,True,True,0.0
55217851,SuperTrend::SuperTrend-p14x3-M15,SELL,OPEN,,1785277887,4032.95,0.0299999999997453,1.0,0.5,,bid,6,True,True,0.0,4032.94,4032.98,False,4032.99,False,-0.03999999999996362,0.5,17,True,True,0.0,35,True,True,0.0,96,True,True,0.0,601,True,True,0.0
55217851,SuperTrend::SuperTrend-p14x3-M15,SELL,CLOSE,SL,1785278262,4033.62,,,0.5,,ask,7,False,True,0.009999999999763531,4033.43,4033.69,False,4033.44,False,0.1799999999998363,0.5,20,False,True,0.009999999999763531,30,False,True,0.009999999999763531,68,True,True,0.0,387,True,True,0.0
55217873,SuperTrend::SuperTrend-p14x3-M15,SELL,OPEN,,1785278279,4032.9,0.0599999999999454,1.0,0.5,,bid,14,True,True,0.0,4032.73,4032.95,False,4032.81,False,0.09000000000014552,0.5,20,True,True,0.0,30,True,True,0.0,65,True,True,0.0,375,True,True,0.0
55217873,SuperTrend::SuperTrend-p14x3-M15,SELL,CLOSE,SL,1785278282,4033.95,,,0.5,,ask,12,False,True,0.010000000000218279,4033.65,4033.96,False,4033.67,False,0.27999999999974534,0.5,17,False,True,0.010000000000218279,33,False,True,0.010000000000218279,85,False,True,0.010000000000218279,358,False,True,0.010000000000218279
55217875,SuperTrend::SuperTrend-p14x3-M15,SELL,OPEN,,1785278295,4032.54,-0.0100000000002182,1.2300000190734863,0.5,,bid,3,True,True,0.0,4032.54,4032.56,False,4032.55,False,-0.010000000000218279,0.5,6,True,True,0.0,22,True,True,0.0,51,True,True,0.0,364,True,True,0.0
55217875,SuperTrend::SuperTrend-p14x3-M15,SELL,CLOSE,SL,1785278317,4033.62,,,0.5,,ask,6,False,False,0.01999999999998181,4033.64,4033.76,False,4033.55,False,0.06999999999970896,0.5,13,False,True,0.01999999999998181,27,False,True,0.01999999999998181,83,False,True,0.009999999999763531,303,True,True,0.0
55217904,SuperTrend::SuperTrend-p14x3-M15,BUY,OPEN,,1785278703,4035.5,-0.0599999999999454,1.2300000190734863,0.5,,ask,4,True,True,0.0,4035.5,4035.5,False,4035.5,True,0.0,0.5,8,True,True,0.0,24,True,True,0.0,50,True,True,0.0,320,True,True,0.0
55217904,SuperTrend::SuperTrend-p14x3-M15,BUY,CLOSE,SL,1785307129,4029.63,,,0.5,,bid,13,False,True,0.009999999999763531,4029.41,4030.16,False,4030.2,False,-0.569999999999709,0.6000000000003638,14,False,True,0.009999999999763531,26,False,True,0.009999999999763531,54,False,True,0.009999999999763531,238,True,True,0.0
55218088,SAR::S6-K2P0,SELL,OPEN,,1785283034,4023.39,-0.0700000000001637,-46.769999980926514,0.5,,bid,1,True,True,0.0,4023.39,4023.39,False,4023.36,False,0.02999999999974534,0.5,7,True,True,0.0,16,True,True,0.0,37,True,True,0.0,140,True,True,0.0
55218088,SAR::S6-K2P0,SELL,CLOSE,SL,1785283044,4024.39,,,0.5,,ask,6,False,True,0.03999999999996362,4024.35,4024.6,False,4024.27,False,0.11999999999989086,0.5,6,False,True,0.03999999999996362,10,False,True,0.01999999999998181,29,False,True,0.01999999999998181,136,False,True,0.01999999999998181
55218093,SAR::S6-K2P0,SELL,OPEN,,1785283082,4023.46,0.3200000000001637,-46.769999980926514,0.5,,bid,4,True,True,0.0,4023.41,4023.47,False,4023.46,True,0.0,0.5,4,True,True,0.0,18,True,True,0.0,39,True,True,0.0,137,True,True,0.0
55218093,SAR::S6-K2P0,SELL,CLOSE,EXPERT,1785283113,4024.04,,,0.5,,ask,0,False,False,,,,False,4024.04,True,0.0,0.5,2,True,True,0.0,8,True,True,0.0,29,True,True,0.0,148,True,True,0.0
55218101,SAR::S6-K2P0,SELL,OPEN,,1785283129,4023.14,-0.8700000000003456,-78.76999998092651,0.5,,bid,0,False,False,,,,False,4023.14,True,0.0,0.5,2,True,True,0.0,4,True,True,0.0,22,True,True,0.0,139,True,True,0.0
55218101,SAR::S6-K2P0,SELL,CLOSE,SL,1785283201,4024.29,,,0.5,,ask,14,False,True,0.009999999999763531,4024.09,4024.97,False,4024.09,False,0.1999999999998181,0.5,25,False,True,0.009999999999763531,38,False,True,0.009999999999763531,57,False,True,0.009999999999763531,199,False,True,0.009999999999763531
55218120,SAR::S6-K2P0,SELL,OPEN,,1785283209,4023.69,-7.400000000000091,-5511.769999980927,0.5,,bid,0,False,False,,,,False,4023.69,True,0.0,0.5,6,True,True,0.0,12,True,True,0.0,28,True,True,0.0,231,True,True,0.0
55218120,SAR::S6-K2P0,SELL,CLOSE,SL,1785288600,4032.22,,,0.5,,ask,16,False,True,0.009999999999763531,4030.82,4032.27,False,4030.83,False,1.3899999999998727,0.5,28,False,True,0.009999999999763531,58,True,True,0.0,126,True,True,0.0,545,True,True,0.0
55218354,SAR::S6-K2P0,SELL,OPEN,,1785288722,4030.39,-0.5199999999999818,-14.769999980926514,0.5,,bid,11,True,True,0.0,4030.26,4030.63,False,4030.37,False,0.01999999999998181,0.5,24,True,True,0.0,49,True,True,0.0,110,True,True,0.0,613,True,True,0.0
55218354,SAR::S6-K2P0,SELL,CLOSE,SL,1785288727,4032.09,,,0.5,,ask,13,False,True,0.009999999999763531,4031.92,4032.1,False,4031.94,False,0.15000000000009095,0.5,23,False,True,0.009999999999763531,56,False,True,0.009999999999763531,117,False,True,0.009999999999763531,612,False,True,0.009999999999763531
55218357,SAR::S6-K2P0,SELL,OPEN,,1785288738,4030.91,-0.2400000000002364,-123.76999998092651,0.5,,bid,0,False,False,,,,False,4030.91,True,0.0,0.5,5,True,True,0.0,13,True,True,0.0,68,True,True,0.0,577,True,True,0.0
55218357,SAR::S6-K2P0,SELL,CLOSE,SL,1785288784,4032.09,,,0.5,,ask,13,False,True,0.02999999999974534,4031.77,4032.23,False,4031.77,False,0.3200000000001637,0.5,26,False,True,0.02999999999974534,43,False,True,0.02999999999974534,106,False,True,0.02999999999974534,577,False,True,0.02999999999974534
55218362,SAR::S6-K2P0,SELL,OPEN,,1785288863,4031.0,-0.25,-154.7699999809265,0.5,,bid,7,True,True,0.0,4030.87,4031.0,False,4031.0,True,0.0,0.5,11,True,True,0.0,22,True,True,0.0,68,True,True,0.0,427,True,True,0.0
55218362,SAR::S6-K2P0,SELL,CLOSE,SL,1785288887,4032.09,,,0.5,,ask,8,False,True,0.01999999999998181,4031.98,4032.24,False,4031.94,False,0.15000000000009095,0.5,14,False,True,0.01999999999998181,30,False,True,0.01999999999998181,69,False,True,0.01999999999998181,455,True,True,0.0
55218376,SAR::S6-K2P0,SELL,OPEN,,1785288925,4031.54,-0.0199999999999818,-124.76999998092651,0.5,,bid,4,True,True,0.0,4031.45,4031.65,False,4031.66,False,-0.11999999999989086,0.5,12,True,True,0.0,29,True,True,0.0,54,True,True,0.0,465,True,True,0.0
55218376,SAR::S6-K2P0,SELL,CLOSE,SL,1785288930,4032.54,,,0.5,,ask,8,False,False,0.0500000000001819,4032.59,4032.68,False,4032.31,False,0.2300000000000182,0.5,13,False,True,0.0500000000001819,22,False,True,0.0500000000001819,58,False,True,0.0500000000001819,460,True,True,0.0
55218379,SAR::S6-K2P0,SELL,OPEN,,1785289019,4031.09,-0.349999999999909,-141.0,0.5,,bid,3,True,True,0.0,4031.09,4031.28,False,4031.27,False,-0.1799999999998363,0.5,7,True,True,0.0,23,True,True,0.0,62,True,True,0.0,358,True,True,0.0
55218379,SAR::S6-K2P0,SELL,CLOSE,SL,1785289045,4032.09,,,0.5,,ask,6,True,True,0.0,4031.96,4032.09,False,4031.91,False,0.18000000000029104,0.5,12,True,True,0.0,23,True,True,0.0,47,True,True,0.0,352,True,True,0.0
55218381,SAR::S6-K2P0,SELL,OPEN,,1785289051,4031.33,-0.2100000000000363,-156.0,0.5,,bid,7,True,True,0.0,4031.3,4031.38,False,4031.41,False,-0.07999999999992724,0.5,13,True,True,0.0,20,True,True,0.0,42,True,True,0.0,349,True,True,0.0
55218381,SAR::S6-K2P0,SELL,CLOSE,SL,1785289148,4032.09,,,0.5,,ask,6,False,True,0.01999999999998181,4031.84,4032.11,False,4031.99,False,0.1000000000003638,0.5,9,False,True,0.01999999999998181,19,False,True,0.01999999999998181,50,False,True,0.009999999999763531,335,True,True,0.0
55218383,SAR::S6-K2P0,SELL,OPEN,,1785289161,4031.17,-0.0799999999999272,-77.76999998092651,0.5,,bid,9,True,True,0.0,4031.15,4031.28,False,4031.17,True,0.0,0.5,20,True,True,0.0,31,True,True,0.0,64,True,True,0.0,383,True,True,0.0
55218383,SAR::S6-K2P0,SELL,CLOSE,SL,1785289168,4032.17,,,0.5,,ask,2,False,False,0.03999999999996362,4032.21,4032.24,False,4032.13,False,0.03999999999996362,0.5,5,False,True,0.03000000000020009,18,False,True,0.02999999999974534,49,False,True,0.02999999999974534,383,True,True,0.0
55218387,SAR::S6-K2P0,SELL,OPEN,,1785289240,4031.23,-35.039999999999964,-55101.61994457245,0.5,,bid,0,False,False,,,,False,4031.23,True,0.0,0.5,1,True,True,0.0,17,True,True,0.0,69,True,True,0.0,365,True,True,0.0
55218387,SAR::S6-K2P0,SELL,CLOSE,SL,1785289241,4032.23,,,0.5,,ask,7,False,True,0.010000000000218279,4032.11,4032.25,False,4031.73,False,0.5,0.5,7,False,True,0.010000000000218279,18,False,True,0.010000000000218279,64,True,True,0.0,367,True,True,0.0
55218420,SAR::S6-K2P0,BUY,OPEN,,1785289505,4040.15,7.700000000000273,-705.0,0.5,,ask,8,True,True,0.0,4040.0,4040.16,False,4040.14,False,0.010000000000218279,0.5,19,True,True,0.0,37,True,True,0.0,104,True,True,0.0,549,True,True,0.0
55218420,SAR::S6-K2P0,BUY,CLOSE,SL,1785290196,4031.84,,,0.5,,bid,14,False,True,0.02999999999974534,4031.68,4032.3,False,4031.89,False,-0.04999999999972715,0.5,20,False,True,0.02999999999974534,34,False,True,0.02999999999974534,80,False,True,0.009999999999763531,417,True,True,0.0
55218462,SAR::S6-K2P0,BUY,OPEN,,1785290211,4032.39,-0.4200000000000727,-30.769999980926517,0.5,,ask,5,True,True,0.0,4032.38,4032.48,False,4032.38,False,0.009999999999763531,0.5,13,True,True,0.0,32,True,True,0.0,71,True,True,0.0,431,True,True,0.0
55218462,SAR::S6-K2P0,BUY,CLOSE,EXPERT,1785290227,4031.83,,,0.5,,bid,5,True,True,0.0,4031.83,4031.92,False,4031.87,False,-0.03999999999996362,0.5,10,True,True,0.0,20,True,True,0.0,73,True,True,0.0,409,True,True,0.0
55218465,SAR::S6-K2P0,BUY,OPEN,,1785290243,4032.85,-42.5,-66564.0,0.5,,ask,5,True,True,0.0,4032.85,4032.91,False,4032.81,False,0.03999999999996362,0.5,8,True,True,0.0,22,True,True,0.0,66,True,True,0.0,394,True,True,0.0
55218465,SAR::S6-K2P0,BUY,CLOSE,SL,1785299155,4036.86,,,0.5,,bid,8,True,True,0.0,4036.86,4036.93,False,4037.0,False,-0.13999999999987267,0.599999999999909,10,True,True,0.0,27,True,True,0.0,74,True,True,0.0,355,True,True,0.0
55229918,SAR::S6-K2P0,BUY,OPEN,,1785350706,4081.81,6.150000000000091,-6147.0,0.5,,ask,4,True,True,0.0,4081.74,4081.81,False,4081.74,False,0.07000000000016371,0.5,6,True,True,0.0,13,True,True,0.0,33,True,True,0.0,231,True,True,0.0
55229918,SAR::S6-K2P0,BUY,CLOSE,SL,1785356798,4074.74,,,0.5,,bid,17,False,True,0.06999999999970896,4074.54,4075.02,False,4074.94,False,-0.20000000000027285,0.5,33,False,True,0.06999999999970896,57,False,True,0.02999999999974534,142,False,True,0.02999999999974534,718,False,True,0.009999999999763531
55229919,SuperTrend::SuperTrend-p14x3-M15,SELL,OPEN,,1785350706,4081.31,15.039999999999964,6364.380055427551,0.5,,bid,4,True,True,0.0,4081.24,4081.31,False,4081.24,False,0.07000000000016371,0.5,6,True,True,0.0,13,True,True,0.0,33,True,True,0.0,231,True,True,0.0
55229919,SuperTrend::SuperTrend-p14x3-M15,SELL,CLOSE,CLIENT_manual,1785381578,4050.82,,,0.5,,ask,2,True,True,0.0,4050.82,4050.83,False,4050.85,False,-0.02999999999974534,0.599999999999909,6,True,True,0.0,22,True,True,0.0,65,True,True,0.0,439,True,True,0.0
55230389,SAR::S6-K2P0,BUY,OPEN,,1785356808,4075.34,0.0199999999999818,-60.769999980926514,0.5,,ask,8,False,True,0.009999999999763531,4075.23,4075.35,False,4075.34,True,0.0,0.5,15,True,True,0.0,38,True,True,0.0,94,True,True,0.0,647,True,True,0.0
55230389,SAR::S6-K2P0,BUY,CLOSE,SL,1785356813,4074.34,,,0.5,,bid,13,False,True,0.009999999999763531,4074.27,4074.49,False,4074.5,False,-0.15999999999985448,0.5,28,False,True,0.009999999999763531,50,False,True,0.009999999999763531,110,False,True,0.009999999999763531,654,True,True,0.0
55230406,SAR::S6-K2P0,BUY,OPEN,,1785356917,4075.58,0.2300000000000182,1.2300000190734863,0.5,,ask,12,True,True,0.0,4075.54,4075.74,False,4075.52,False,0.05999999999994543,0.5,22,True,True,0.0,39,True,True,0.0,87,True,True,0.0,560,True,True,0.0
55230406,SAR::S6-K2P0,BUY,CLOSE,SL,1785356920,4074.58,,,0.5,,bid,8,False,True,0.03999999999996362,4074.45,4074.86,False,4074.99,False,-0.4099999999998545,0.5,16,False,True,0.03999999999996362,28,False,True,0.03999999999996362,77,False,True,0.01999999999998181,540,True,True,0.0
55230408,SAR::S6-K2P0,BUY,OPEN,,1785356949,4076.18,0.0199999999999818,1.2300000190734863,0.5,,ask,8,True,True,0.0,4076.15,4076.19,False,4076.18,True,0.0,0.5,15,True,True,0.0,29,True,True,0.0,86,True,True,0.0,521,True,True,0.0
55230408,SAR::S6-K2P0,BUY,CLOSE,SL,1785356985,4074.74,,,0.5,,bid,8,False,True,0.07000000000016371,4074.56,4074.87,False,4074.88,False,-0.14000000000032742,0.5,9,False,True,0.07000000000016371,19,True,True,0.0,69,True,True,0.0,452,True,True,0.0
55230412,SAR::S6-K2P0,BUY,OPEN,,1785356996,4075.89,-0.0700000000001637,1.0,0.5,0.5,ask,11,True,True,0.0,4075.48,4075.9,False,4075.9,False,-0.010000000000218279,0.5,17,True,True,0.0,26,True,True,0.0,72,True,True,0.0,444,True,True,0.0
55230412,SAR::S6-K2P0,BUY,CLOSE,EXPERT,1785357012,4075.35,,,0.5,0.5,bid,3,True,True,0.0,4075.35,4075.38,False,4075.39,False,-0.03999999999996362,0.5,14,True,True,0.0,22,True,True,0.0,57,True,True,0.0,436,True,True,0.0
55230950,SAR::S6-K2P0,BUY,OPEN,,1785360610,4082.58,1.4299999999998363,3.440004348754883,0.5,0.5,ask,14,True,True,0.0,4082.57,4082.69,False,4082.53,False,0.04999999999972715,0.5,29,True,True,0.0,54,True,True,0.0,131,True,True,0.0,682,True,True,0.0
55230950,SAR::S6-K2P0,BUY,CLOSE,EXPERT,1785365104,4076.5,,,0.5,0.5,bid,9,True,True,0.0,4076.36,4076.72,False,4076.42,False,0.07999999999992724,0.5,19,True,True,0.0,41,True,True,0.0,81,True,True,0.0,430,True,True,0.0
55231351,SAR::S6-K2P0,SELL,OPEN,,1785365888,4066.49,0.099999999999909,0.0,0.5,,bid,13,True,True,0.0,4066.28,4066.54,False,4066.43,False,0.05999999999994543,0.5,22,True,True,0.0,44,True,True,0.0,116,True,True,0.0,468,True,True,0.0
55231351,SAR::S6-K2P0,SELL,CLOSE,SL,1785380634,4047.63,,,0.5,,ask,21,False,True,0.009999999999763531,4047.18,4047.91,False,4047.5,False,0.13000000000010914,0.5,41,False,True,0.009999999999763531,71,False,True,0.009999999999763531,142,False,True,0.009999999999763531,723,True,True,0.0
55232216,SAR::S6-K2P0,SELL,OPEN,,1785380649,4045.81,-0.4400000000000545,13.220000505447388,0.5,,bid,15,True,True,0.0,4045.71,4046.33,False,4045.75,False,0.05999999999994543,0.5,23,True,True,0.0,48,True,True,0.0,128,True,True,0.0,729,True,True,0.0
55232216,SAR::S6-K2P0,SELL,CLOSE,SL,1785380652,4047.63,,,0.5,,ask,13,False,True,0.05999999999994543,4047.48,4047.9,False,4047.55,False,0.07999999999992724,0.5,26,False,True,0.05999999999994543,55,False,True,0.05999999999994543,128,False,True,0.01999999999998181,734,True,True,0.0
55232219,SAR::S6-K2P0,SELL,OPEN,,1785380665,4046.52,-0.0100000000002182,0.2300000190734863,0.5,,bid,13,True,True,0.0,4046.3,4046.54,False,4046.52,True,0.0,0.5,23,True,True,0.0,53,True,True,0.0,135,True,True,0.0,704,True,True,0.0
55232219,SAR::S6-K2P0,SELL,CLOSE,SL,1785381175,4047.63,,,0.5,,ask,10,True,True,0.0,4047.45,4047.82,False,4047.35,False,0.2800000000002001,0.599999999999909,15,True,True,0.0,34,True,True,0.0,78,True,True,0.0,491,True,True,0.0
55242134,SAR::S6-K2P0,SELL,OPEN,,1785437100,4110.25,7.029999999999745,6286.400060892105,0.5,,bid,2,False,False,0.06000000000040018,4110.31,4110.36,False,4110.25,True,0.0,0.5,3,True,True,0.0,3,True,True,0.0,11,True,True,0.0,86,True,True,0.0
55242134,SAR::S6-K2P0,SELL,CLOSE,SL,1785459978,4083.11,,,0.5,,ask,6,False,True,0.09999999999990905,4082.98,4083.51,False,4082.92,False,0.19000000000005457,0.5,7,False,True,0.09999999999990905,17,False,True,0.09999999999990905,36,False,True,0.09999999999990905,198,False,True,0.010000000000218279
55242135,SuperTrend::SuperTrend-p14x3-M15,BUY,OPEN,,1785437100,4110.86,7.139999999999418,6349.480060577393,0.5,,ask,2,True,True,0.0,4110.81,4110.86,False,4110.75,False,0.10999999999967258,0.5,3,True,True,0.0,3,True,True,0.0,11,True,True,0.0,86,True,True,0.0
55242135,SuperTrend::SuperTrend-p14x3-M15,BUY,CLOSE,SL,1785446066,4089.82,,,0.5,,bid,10,False,True,0.07000000000016371,4089.75,4090.51,False,4090.27,False,-0.4499999999998181,0.5,21,False,True,0.07000000000016371,45,True,True,0.0,93,True,True,0.0,430,True,True,0.0
55243044,SuperTrend::SuperTrend-p14x3-M15,SELL,OPEN,,1785446101,4088.77,-0.0300000000002,0.2300000190734863,0.5,,bid,12,True,True,0.0,4088.77,4089.17,False,4088.81,False,-0.03999999999996362,0.5,20,True,True,0.0,42,True,True,0.0,82,True,True,0.0,430,True,True,0.0
55243044,SuperTrend::SuperTrend-p14x3-M15,SELL,CLOSE,CLIENT_manual,1785473287,4062.9,,,0.5,,ask,5,True,True,0.0,4062.9,4062.96,False,4062.92,False,-0.01999999999998181,0.599999999999909,13,True,True,0.0,15,True,True,0.0,69,True,True,0.0,309,True,True,0.0
55244539,SAR::S6-K2P0,SELL,OPEN,,1785459998,4082.23,-0.0300000000002,1.2300000190734863,0.5,0.5,bid,4,False,True,0.010000000000218279,4082.22,4082.29,False,4082.23,True,0.0,0.5,5,True,True,0.0,13,True,True,0.0,25,True,True,0.0,181,True,True,0.0
55244539,SAR::S6-K2P0,SELL,CLOSE,EXPERT,1785460502,4080.1,,,0.5,0.5,ask,0,False,False,,,,False,4080.1,True,0.0,0.5,7,True,True,0.0,17,True,True,0.0,30,True,True,0.0,127,True,True,0.0
55244610,SAR::S6-K2P0,SELL,OPEN,,1785462313,4075.77,0.0,1.0,0.5,,bid,7,True,True,0.0,4075.77,4075.8,False,4075.8,False,-0.03000000000020009,0.5,13,True,True,0.0,16,True,True,0.0,47,True,True,0.0,266,True,True,0.0
55244610,SAR::S6-K2P0,SELL,CLOSE,SL,1785464190,4083.6,,,0.5,,ask,18,False,True,0.010000000000218279,4083.44,4084.14,False,4083.29,False,0.30999999999994543,0.5,22,False,True,0.010000000000218279,44,False,True,0.010000000000218279,67,False,True,0.010000000000218279,472,False,True,0.010000000000218279
55244860,SAR::S6-K2P0,SELL,OPEN,,1785464621,4082.82,0.0100000000002182,0.2300000190734863,0.5,,bid,7,True,True,0.0,4082.82,4082.91,False,4082.81,False,0.010000000000218279,0.5,13,True,True,0.0,24,True,True,0.0,57,True,True,0.0,331,True,True,0.0
55244860,SAR::S6-K2P0,SELL,CLOSE,SL,1785464666,4083.6,,,0.5,,ask,18,False,True,0.03000000000020009,4083.42,4083.93,False,4083.45,False,0.15000000000009095,0.5,35,False,True,0.03000000000020009,51,False,True,0.03000000000020009,84,False,True,0.03000000000020009,374,True,True,0.0
55244871,SAR::S6-K2P0,SELL,OPEN,,1785464747,4082.12,0.0,0.2300000190734863,0.5,,bid,2,True,True,0.0,4082.12,4082.14,False,4082.12,True,0.0,0.5,5,True,True,0.0,8,True,True,0.0,54,True,True,0.0,340,True,True,0.0
55244871,SAR::S6-K2P0,SELL,CLOSE,SL,1785464815,4083.6,,,0.5,,ask,8,False,True,0.009999999999763531,4083.5,4083.86,False,4083.42,False,0.1799999999998363,0.5,13,False,True,0.009999999999763531,23,False,True,0.009999999999763531,60,False,True,0.009999999999763531,412,False,True,0.009999999999763531
55244898,SAR::S6-K2P0,SELL,OPEN,,1785465907,4077.07,0.0399999999999636,0.0,0.5,,bid,14,True,True,0.0,4077.03,4077.16,False,4076.96,False,0.11000000000012733,0.5,26,True,True,0.0,47,True,True,0.0,115,True,True,0.0,502,True,True,0.0
55244898,SAR::S6-K2P0,SELL,CLOSE,CLIENT_manual,1785473356,4060.93,,,0.5,,ask,7,True,True,0.0,4060.92,4061.03,False,4060.95,False,-0.01999999999998181,0.599999999999909,12,True,True,0.0,24,True,True,0.0,38,True,True,0.0,225,True,True,0.0
55256241,SuperTrend::SuperTrend-p14x3-M15,BUY,OPEN,,1785696303,4067.19,-11.029999999999744,179395.71005296707,0.5,,ask,1,False,False,0.03000000000020009,4067.16,4067.16,False,4067.19,True,0.0,0.5,7,True,True,0.0,14,True,True,0.0,32,True,True,0.0,93,True,True,0.0
55256241,SuperTrend::SuperTrend-p14x3-M15,BUY,CLOSE,SL,1785704419,4051.99,,,0.5,,bid,18,False,True,0.020000000000436557,4051.7,4052.35,False,4052.4,False,-0.41000000000030923,0.5,34,False,True,0.020000000000436557,59,False,True,0.020000000000436557,147,False,True,0.020000000000436557,829,False,True,0.020000000000436557
55257317,SuperTrend::SuperTrend-p14x3-M15,BUY,OPEN,,1785704431,4054.22,0.6999999999998181,1.0,0.5,,ask,20,True,True,0.0,4053.77,4054.97,False,4053.62,False,0.599999999999909,0.5,31,True,True,0.0,58,True,True,0.0,145,True,True,0.0,899,True,True,0.0
55257317,SuperTrend::SuperTrend-p14x3-M15,BUY,CLOSE,SL,1785705273,4051.99,,,0.5,,bid,7,False,True,0.08000000000038199,4051.71,4052.32,False,4052.33,False,-0.3400000000001455,0.5,20,False,True,0.08000000000038199,40,False,True,0.08000000000038199,86,False,True,0.08000000000038199,521,True,True,0.0
55257490,SuperTrend::SuperTrend-p14x3-M15,BUY,OPEN,,1785705307,4052.79,0.2100000000000363,17.230000019073486,0.5,,ask,6,True,True,0.0,4052.74,4053.12,False,4052.73,False,0.05999999999994543,0.5,12,True,True,0.0,27,True,True,0.0,68,True,True,0.0,546,True,True,0.0
55257490,SuperTrend::SuperTrend-p14x3-M15,BUY,CLOSE,SL,1785705351,4051.99,,,0.5,,bid,8,False,True,0.01999999999998181,4051.81,4052.18,False,4052.14,False,-0.15000000000009095,0.5,23,False,True,0.01999999999998181,45,False,True,0.01999999999998181,78,False,True,0.01999999999998181,574,False,True,0.01999999999998181
55257594,SuperTrend::SuperTrend-p14x3-M15,BUY,OPEN,,1785705857,4052.8,-1.1899999999995998,-14.769999980926514,0.5,,ask,7,True,True,0.0,4052.78,4053.17,False,4052.8,True,0.0,0.5,10,True,True,0.0,19,True,True,0.0,45,True,True,0.0,359,True,True,0.0
55257594,SuperTrend::SuperTrend-p14x3-M15,BUY,CLOSE,SL,1785706262,4051.99,,,0.5,,bid,11,False,True,0.020000000000436557,4051.33,4052.06,False,4052.13,False,-0.14000000000032742,0.5,23,False,True,0.020000000000436557,44,False,True,0.020000000000436557,85,False,True,0.009999999999763531,507,True,True,0.0
55257869,SuperTrend::SuperTrend-p14x3-M15,BUY,OPEN,,1785706421,4052.59,0.0799999999999272,1.2300000190734863,0.5,,ask,1,True,True,0.0,4052.59,4052.59,False,4052.58,False,0.010000000000218279,0.5,7,True,True,0.0,26,True,True,0.0,49,True,True,0.0,428,True,True,0.0
55257869,SuperTrend::SuperTrend-p14x3-M15,BUY,CLOSE,SL,1785706442,4051.99,,,0.5,,bid,16,False,True,0.13000000000010914,4051.83,4052.72,False,4052.41,False,-0.42000000000007276,0.5,23,False,True,0.13000000000010914,51,False,True,0.10999999999967258,104,False,True,0.10999999999967258,446,True,True,0.0
55257873,SuperTrend::SuperTrend-p14x3-M15,BUY,OPEN,,1785706469,4052.98,-0.1399999999998726,2.0,0.5,,ask,6,False,False,0.010000000000218279,4052.84,4052.97,False,4052.98,True,0.0,0.5,17,True,True,0.0,30,True,True,0.0,66,True,True,0.0,422,True,True,0.0
55257873,SuperTrend::SuperTrend-p14x3-M15,BUY,CLOSE,SL,1785706877,4051.98,,,0.5,,bid,7,True,True,0.0,4051.77,4052.13,False,4052.05,False,-0.07000000000016371,0.5,14,True,True,0.0,32,True,True,0.0,74,True,True,0.0,442,True,True,0.0
55258160,SuperTrend::SuperTrend-p14x3-M15,SELL,OPEN,,1785707112,4050.99,0.099999999999909,1.2300000190734863,0.5,,bid,3,True,True,0.0,4050.98,4051.02,False,4050.86,False,0.1299999999996544,0.5,7,True,True,0.0,17,True,True,0.0,69,True,True,0.0,363,True,True,0.0
55258160,SuperTrend::SuperTrend-p14x3-M15,SELL,CLOSE,CLIENT_manual,1785754240,4036.88,,,0.5,,ask,8,True,True,0.0,4036.87,4036.97,False,4036.88,True,0.0,0.599999999999909,14,True,True,0.0,29,True,True,0.0,66,True,True,0.0,414,True,True,0.0
55258358,SAR::S6-K2P0,SELL,OPEN,,1785708904,4054.97,-0.4700000000002546,0.0,0.5,0.5,bid,11,True,True,0.0,4054.97,4055.44,False,4055.44,False,-0.47000000000025466,0.5,18,True,True,0.0,37,True,True,0.0,67,True,True,0.0,373,True,True,0.0
55258358,SAR::S6-K2P0,SELL,CLOSE,EXPERT,1785711607,4062.55,,,0.5,0.5,ask,3,False,False,0.010000000000218279,4062.4,4062.54,False,4062.55,True,0.0,0.5,4,True,True,0.0,13,True,True,0.0,60,True,True,0.0,296,True,True,0.0
55258981,SAR::S6-K2P0,BUY,OPEN,,1785712504,4064.82,0.0,0.0,0.5,,ask,8,True,True,0.0,4064.77,4064.86,False,4064.83,False,-0.009999999999763531,0.5,12,True,True,0.0,24,True,True,0.0,54,True,True,0.0,269,True,True,0.0
55258981,SAR::S6-K2P0,BUY,CLOSE,SL,1785719510,4057.42,,,0.5,,bid,7,False,True,0.07000000000016371,4057.23,4058.53,False,4058.47,False,-1.0499999999997272,0.5,13,False,True,0.07000000000016371,32,False,True,0.0500000000001819,51,False,True,0.0500000000001819,230,False,True,0.0500000000001819
55259428,SAR::S6-K2P0,BUY,OPEN,,1785719602,4058.1,0.0199999999999818,0.2300000190734863,0.5,,ask,2,True,True,0.0,4058.08,4058.1,False,4058.1,True,0.0,0.5,8,True,True,0.0,14,True,True,0.0,38,True,True,0.0,214,True,True,0.0
55259428,SAR::S6-K2P0,BUY,CLOSE,SL,1785719612,4057.1,,,0.5,,bid,7,False,False,0.05999999999994543,4056.93,4057.04,False,4057.17,False,-0.07000000000016371,0.5,9,False,True,0.05999999999994543,12,False,True,0.05999999999994543,31,False,True,0.01999999999998181,225,True,True,0.0
55259439,SAR::S6-K2P0,SELL,OPEN,,1785719728,4056.86,0.0100000000002182,0.2300000190734863,0.5,,bid,3,True,True,0.0,4056.84,4056.86,False,4056.85,False,0.010000000000218279,0.5,6,True,True,0.0,11,True,True,0.0,32,True,True,0.0,221,True,True,0.0
55259439,SAR::S6-K2P0,SELL,CLOSE,SL,1785720057,4057.78,,,0.5,,ask,4,False,True,0.03999999999996362,4057.72,4057.84,False,4057.7,False,0.08000000000038199,0.5,11,False,True,0.03999999999996362,21,False,True,0.03999999999996362,52,True,True,0.0,262,True,True,0.0
55259463,SAR::S6-K2P0,SELL,OPEN,,1785720059,4057.28,0.0,0.0,0.5,,bid,6,True,True,0.0,4057.28,4057.32,False,4057.23,False,0.0500000000001819,0.5,12,True,True,0.0,24,True,True,0.0,51,True,True,0.0,268,True,True,0.0
55259463,SAR::S6-K2P0,SELL,CLOSE,EXPERT,1785720075,4057.87,,,0.5,,ask,10,True,True,0.0,4057.87,4058.11,False,4057.77,False,0.09999999999990905,0.5,15,True,True,0.0,22,True,True,0.0,54,True,True,0.0,246,True,True,0.0
55259465,SAR::S6-K2P0,SELL,OPEN,,1785720123,4057.24,0.1499999999996362,16.0,0.5,,bid,0,False,False,,,,False,4057.24,True,0.0,0.5,0,False,False,,6,True,True,0.0,16,True,True,0.0,170,True,True,0.0
55259465,SAR::S6-K2P0,SELL,CLOSE,EXPERT,1785720139,4058.03,,,0.5,,ask,1,False,False,0.03000000000020009,4058.0,4058.0,False,4058.03,True,0.0,0.5,6,True,True,0.0,12,True,True,0.0,19,True,True,0.0,167,True,True,0.0
55259468,SAR::S6-K2P0,SELL,OPEN,,1785720202,4057.21,0.1700000000000727,-15.769999980926514,0.5,,bid,3,False,False,0.02999999999974534,4057.24,4057.3,False,4057.21,True,0.0,0.5,4,True,True,0.0,14,True,True,0.0,33,True,True,0.0,246,True,True,0.0
55259468,SAR::S6-K2P0,SELL,CLOSE,EXPERT,1785720233,4057.93,,,0.5,,ask,4,True,True,0.0,4057.91,4057.93,False,4057.91,False,0.01999999999998181,0.5,9,True,True,0.0,13,True,True,0.0,32,True,True,0.0,271,True,True,0.0
55259486,SAR::S6-K2P0,SELL,OPEN,,1785720612,4058.93,0.0199999999999818,0.2300000190734863,0.5,,bid,10,True,True,0.0,4058.78,4059.02,False,4058.82,False,0.10999999999967258,0.5,15,True,True,0.0,23,True,True,0.0,68,True,True,0.0,342,True,True,0.0
55259486,SAR::S6-K2P0,SELL,CLOSE,SL,1785722288,4068.34,,,0.5,,ask,5,True,True,0.0,4066.61,4068.48,False,4066.6,False,1.7400000000002365,0.5,10,True,True,0.0,31,True,True,0.0,62,True,True,0.0,327,True,True,0.0
55267286,SAR::S6-K2P0,BUY,OPEN,,1785782714,4053.27,-1.1799999999998363,6369.730031490326,0.5,0.5,ask,0,False,False,,,,False,4053.27,True,0.0,0.5,0,False,False,,0,False,False,,6,True,True,0.0,60,True,True,0.0
55267286,SAR::S6-K2P0,BUY,CLOSE,EXPERT,1785789003,4058.88,,,0.5,0.5,bid,3,False,False,0.01999999999998181,4058.84,4058.86,False,4058.88,True,0.0,0.5,7,True,True,0.0,12,True,True,0.0,29,True,True,0.0,195,True,True,0.0
55267287,SuperTrend::SuperTrend-p14x3-M15,BUY,OPEN,,1785782714,4053.27,0.3000000000001819,75852.75000047684,0.5,,ask,0,False,False,,,,False,4053.27,True,0.0,0.5,0,False,False,,0,False,False,,6,True,True,0.0,60,True,True,0.0
55267287,SuperTrend::SuperTrend-p14x3-M15,BUY,CLOSE,SL,1785790981,4045.8,,,0.5,,bid,12,False,True,0.010000000000218279,4045.77,4046.44,False,4046.42,False,-0.6199999999998909,0.5,19,False,True,0.010000000000218279,50,False,True,0.010000000000218279,122,True,True,0.0,552,True,True,0.0
55267941,SuperTrend::SuperTrend-p14x3-M15,BUY,OPEN,,1785790997,4048.04,0.5799999999999272,0.2300000190734863,0.5,,ask,10,True,True,0.0,4047.73,4048.06,False,4047.49,False,0.5500000000001819,0.5,21,True,True,0.0,32,True,True,0.0,94,True,True,0.0,539,True,True,0.0
55267941,SuperTrend::SuperTrend-p14x3-M15,BUY,CLOSE,SL,1785791068,4045.8,,,0.5,,bid,8,False,True,0.20000000000027285,4045.54,4046.19,False,4046.19,False,-0.38999999999987267,0.5,19,False,True,0.20000000000027285,37,False,True,0.18000000000029104,94,False,True,0.13000000000010914,431,True,True,0.0
55267963,SuperTrend::SuperTrend-p14x3-M15,BUY,OPEN,,1785791092,4046.89,-0.3600000000001273,0.2300000190734863,0.5,,ask,9,True,True,0.0,4046.88,4047.12,False,4047.31,False,-0.42000000000007276,0.5,17,True,True,0.0,26,True,True,0.0,74,True,True,0.0,451,True,True,0.0
55267963,SuperTrend::SuperTrend-p14x3-M15,BUY,CLOSE,SL,1785791116,4045.8,,,0.5,,bid,10,True,True,0.0,4045.66,4046.04,False,4046.17,False,-0.36999999999989086,0.5,20,True,True,0.0,33,True,True,0.0,86,True,True,0.0,392,True,True,0.0
55267972,SuperTrend::SuperTrend-p14x3-M15,BUY,OPEN,,1785791139,4046.37,0.0599999999999454,0.2300000190734863,0.5,,ask,8,True,True,0.0,4046.31,4046.4,False,4046.25,False,0.11999999999989086,0.5,11,True,True,0.0,24,True,True,0.0,55,True,True,0.0,350,True,True,0.0
55267972,SuperTrend::SuperTrend-p14x3-M15,BUY,CLOSE,SL,1785791145,4045.33,,,0.5,,bid,4,False,True,0.03999999999996362,4045.27,4045.41,False,4045.45,False,-0.11999999999989086,0.5,5,False,True,0.03999999999996362,9,False,True,0.03999999999996362,45,False,True,0.01999999999998181,361,False,True,0.010000000000218279
55268071,SuperTrend::SuperTrend-p14x3-M15,BUY,OPEN,,1785791515,4047.26,-0.0699999999997089,0.2300000190734863,0.5,,ask,3,True,True,0.0,4047.26,4047.33,False,4047.31,False,-0.04999999999972715,0.5,10,True,True,0.0,21,True,True,0.0,61,True,True,0.0,349,True,True,0.0
55268071,SuperTrend::SuperTrend-p14x3-M15,BUY,CLOSE,TP,1785814398,4065.91,,,0.5,,bid,15,False,True,0.01999999999998181,4065.39,4065.99,False,4064.95,False,0.9600000000000364,0.6000000000003638,15,False,True,0.01999999999998181,21,False,True,0.01999999999998181,48,False,True,0.01999999999998181,209,False,True,0.009999999999763531
55268678,SAR::S6-K2P0,BUY,OPEN,,1785797104,4062.66,0.0,0.0,0.5,0.5,ask,1,True,True,0.0,4062.66,4062.66,False,4062.64,False,0.01999999999998181,0.5,12,True,True,0.0,32,True,True,0.0,48,True,True,0.0,235,True,True,0.0
55268678,SAR::S6-K2P0,BUY,CLOSE,EXPERT,1785802515,4057.18,,,0.5,0.5,bid,1,False,False,0.01999999999998181,4057.16,4057.16,False,4057.18,True,0.0,0.5,6,True,True,0.0,17,True,True,0.0,48,True,True,0.0,285,True,True,0.0
55269210,SAR::S6-K2P0,BUY,OPEN,,1785803412,4062.09,0.0,0.0,0.5,,ask,7,True,True,0.0,4062.06,4062.14,False,4062.24,False,-0.1499999999996362,0.5,16,True,True,0.0,18,True,True,0.0,33,True,True,0.0,127,True,True,0.0
55269210,SAR::S6-K2P0,BUY,CLOSE,SL,1785810985,4056.23,,,0.5,,bid,11,False,True,0.03999999999996362,4055.75,4056.93,False,4056.93,False,-0.6999999999998181,0.5,18,False,True,0.03999999999996362,30,False,True,0.03999999999996362,55,False,True,0.03999999999996362,218,True,True,0.0
55269548,SAR::S6-K2P0,BUY,OPEN,,1785811003,4056.73,0.0,1.2300000190734863,0.5,,ask,2,True,True,0.0,4056.73,4056.74,False,4056.73,True,0.0,0.5,3,True,True,0.0,15,True,True,0.0,31,True,True,0.0,195,True,True,0.0
55269548,SAR::S6-K2P0,BUY,CLOSE,SL,1785811149,4056.18,,,0.5,,bid,14,False,True,0.01999999999998181,4056.16,4056.66,False,4056.6,False,-0.42000000000007276,0.5,16,False,True,0.01999999999998181,21,True,True,0.0,31,True,True,0.0,172,True,True,0.0
55269559,SAR::S6-K2P0,BUY,OPEN,,1785811177,4056.87,0.0699999999997089,1.0,0.5,0.5,ask,1,True,True,0.0,4056.87,4056.87,False,4056.81,False,0.05999999999994543,0.5,4,True,True,0.0,12,True,True,0.0,23,True,True,0.0,236,True,True,0.0
55269559,SAR::S6-K2P0,BUY,CLOSE,EXPERT,1785811507,4060.43,,,0.5,0.5,bid,2,True,True,0.0,4060.41,4060.43,False,4060.39,False,0.03999999999996362,0.5,5,True,True,0.0,5,True,True,0.0,38,True,True,0.0,243,True,True,0.0
55279444,SAR::S6-K2P0,SELL,OPEN,,1785869103,4084.35,6.339999999999691,6359.270061969757,0.5,,bid,3,True,True,0.0,4084.35,4084.37,False,4084.34,False,0.009999999999763531,0.5,7,True,True,0.0,14,True,True,0.0,43,True,True,0.0,190,True,True,0.0
55279444,SAR::S6-K2P0,SELL,CLOSE,SL,1785874987,4077.59,,,0.5,,ask,3,False,True,0.010000000000218279,4077.52,4077.67,False,4077.47,False,0.12000000000034561,0.5,11,False,True,0.010000000000218279,18,False,True,0.010000000000218279,52,True,True,0.0,307,True,True,0.0
55279445,SuperTrend::SuperTrend-p14x3-M15,BUY,OPEN,,1785869103,4084.86,6.349999999999909,6359.270061969757,0.5,,ask,3,True,True,0.0,4084.85,4084.87,False,4084.84,False,0.01999999999998181,0.5,7,True,True,0.0,14,True,True,0.0,43,True,True,0.0,190,True,True,0.0
55279445,SuperTrend::SuperTrend-p14x3-M15,BUY,CLOSE,SL,1785870029,4072.53,,,0.5,,bid,16,False,True,0.1000000000003638,4072.25,4073.41,False,4073.51,False,-0.9800000000000182,0.5,32,False,True,0.1000000000003638,52,False,True,0.1000000000003638,99,False,True,0.009999999999763531,342,True,True,0.0
55279610,SuperTrend::SuperTrend-p14x3-M15,BUY,OPEN,,1785870789,4073.09,-0.1599999999998544,-15.769999980926514,0.5,,ask,3,True,True,0.0,4073.03,4073.09,False,4073.01,False,0.07999999999992724,0.5,3,True,True,0.0,4,True,True,0.0,8,True,True,0.0,110,True,True,0.0
55279610,SuperTrend::SuperTrend-p14x3-M15,BUY,CLOSE,SL,1785870815,4072.09,,,0.5,,bid,3,False,True,0.010000000000218279,4072.08,4072.18,False,4072.23,False,-0.13999999999987267,0.5,6,False,True,0.010000000000218279,10,False,True,0.010000000000218279,20,False,True,0.010000000000218279,86,False,True,0.010000000000218279
55279616,SuperTrend::SuperTrend-p14x3-M15,BUY,OPEN,,1785870884,4074.12,-0.0599999999999454,1.0,0.5,,ask,1,True,True,0.0,4074.12,4074.12,False,4074.13,False,-0.010000000000218279,0.5,5,True,True,0.0,10,True,True,0.0,10,True,True,0.0,110,True,True,0.0
55279616,SuperTrend::SuperTrend-p14x3-M15,BUY,CLOSE,SL,1785871136,4072.53,,,0.5,,bid,4,False,False,0.17000000000007276,4071.84,4072.36,False,4072.68,False,-0.1499999999996362,0.5,5,False,True,0.1499999999996362,7,False,True,0.1499999999996362,16,False,True,0.1499999999996362,133,False,True,0.01999999999998181
55279634,SuperTrend::SuperTrend-p14x3-M15,BUY,OPEN,,1785871152,4073.44,0.0199999999999818,-15.769999980926514,0.5,,ask,4,True,True,0.0,4073.01,4073.44,False,4072.96,False,0.4800000000000182,0.5,4,True,True,0.0,9,True,True,0.0,22,True,True,0.0,115,True,True,0.0
55279634,SuperTrend::SuperTrend-p14x3-M15,BUY,CLOSE,SL,1785871189,4072.45,,,0.5,,bid,6,False,True,0.01999999999998181,4072.32,4072.94,False,4072.99,False,-0.5399999999999636,0.5,10,False,True,0.01999999999998181,12,False,True,0.01999999999998181,23,False,True,0.01999999999998181,113,False,True,0.01999999999998181
55279682,SuperTrend::SuperTrend-p14x3-M15,SELL,OPEN,,1785871815,4065.86,0.1200000000003456,1.2300000190734863,0.5,,bid,5,True,True,0.0,4065.82,4065.91,False,4065.84,False,0.01999999999998181,0.5,7,True,True,0.0,15,True,True,0.0,30,True,True,0.0,141,True,True,0.0
55279682,SuperTrend::SuperTrend-p14x3-M15,SELL,CLOSE,SL,1785877876,4086.55,,,0.5,,ask,12,False,True,0.05999999999994543,4086.36,4086.61,False,4086.03,False,0.5199999999999818,0.5,28,False,True,0.05999999999994543,49,False,True,0.05999999999994543,91,False,True,0.009999999999763531,418,False,True,0.009999999999763531
55279831,SAR::S6-K2P0,SELL,OPEN,,1785874993,4077.04,0.0,1.0,0.5,,bid,5,False,False,0.02999999999974534,4076.95,4077.01,False,4077.04,True,0.0,0.5,8,True,True,0.0,20,True,True,0.0,35,True,True,0.0,288,True,True,0.0
55279831,SAR::S6-K2P0,SELL,CLOSE,SL,1785875022,4077.71,,,0.5,,ask,6,False,True,0.09999999999990905,4077.53,4077.81,False,4077.56,False,0.15000000000009095,0.5,13,False,True,0.09999999999990905,22,False,True,0.09999999999990905,37,False,True,0.09999999999990905,247,True,True,0.0
55279839,SAR::S6-K2P0,SELL,OPEN,,1785875025,4076.95,-0.0800000000003819,1.2300000190734863,0.5,,bid,4,True,True,0.0,4076.95,4077.01,False,4077.01,False,-0.06000000000040018,0.5,5,True,True,0.0,7,True,True,0.0,41,True,True,0.0,242,True,True,0.0
55279839,SAR::S6-K2P0,SELL,CLOSE,EXPERT,1785875056,4077.76,,,0.5,,ask,5,True,True,0.0,4077.76,4077.91,False,4077.88,False,-0.11999999999989086,0.5,7,True,True,0.0,18,True,True,0.0,35,True,True,0.0,222,True,True,0.0
55279848,SAR::S6-K2P0,SELL,OPEN,,1785875072,4077.01,-0.0199999999999818,0.0,0.5,,bid,4,True,True,0.0,4076.99,4077.03,False,4077.09,False,-0.07999999999992724,0.5,7,True,True,0.0,14,True,True,0.0,45,True,True,0.0,214,True,True,0.0
55279848,SAR::S6-K2P0,SELL,CLOSE,SL,1785875156,4077.59,,,0.5,,ask,7,False,True,0.03999999999996362,4077.52,4077.9,False,4077.52,False,0.07000000000016371,0.5,8,False,True,0.03999999999996362,19,False,True,0.03999999999996362,41,False,True,0.03999999999996362,257,False,True,0.009999999999763531
55280178,SuperTrend::SuperTrend-p14x3-M15,SELL,OPEN,,1785877882,4085.96,-0.0599999999999454,0.0,0.5,,bid,7,True,True,0.0,4085.9,4086.02,False,4086.01,False,-0.0500000000001819,0.5,14,True,True,0.0,26,True,True,0.0,98,True,True,0.0,419,True,True,0.0
55280178,SuperTrend::SuperTrend-p14x3-M15,SELL,CLOSE,SL,1785877961,4086.55,,,0.5,,ask,8,False,True,0.009999999999763531,4086.29,4086.61,False,4086.29,False,0.2600000000002183,0.5,15,False,True,0.009999999999763531,24,False,True,0.009999999999763531,41,False,True,0.009999999999763531,310,True,True,0.0
55280203,SuperTrend::SuperTrend-p14x3-M15,SELL,OPEN,,1785878024,4085.81,0.2100000000000363,17.0,0.5,,bid,4,False,False,0.010000000000218279,4085.82,4085.87,False,4085.81,True,0.0,0.5,12,True,True,0.0,22,True,True,0.0,88,True,True,0.0,399,True,True,0.0
55280203,SuperTrend::SuperTrend-p14x3-M15,SELL,CLOSE,SL,1785878098,4086.55,,,0.5,,ask,10,False,True,0.03000000000020009,4086.23,4086.71,False,4086.31,False,0.24000000000023647,0.5,11,False,True,0.03000000000020009,27,False,True,0.03000000000020009,76,False,True,0.03000000000020009,406,True,True,0.0
55280217,SuperTrend::SuperTrend-p14x3-M15,SELL,OPEN,,1785878103,4085.98,0.0900000000001455,1.0,0.5,,bid,3,True,True,0.0,4085.98,4086.04,False,4085.98,True,0.0,0.5,12,True,True,0.0,35,True,True,0.0,82,True,True,0.0,410,True,True,0.0
55280217,SuperTrend::SuperTrend-p14x3-M15,SELL,CLOSE,SL,1785878132,4086.73,,,0.5,,ask,11,True,True,0.0,4086.57,4086.77,False,4086.49,False,0.24000000000023647,0.5,12,True,True,0.0,19,True,True,0.0,44,True,True,0.0,446,True,True,0.0
55280254,SuperTrend::SuperTrend-p14x3-M15,SELL,OPEN,,1785878338,4086.0,0.0,220.0,0.5,,bid,3,True,True,0.0,4086.0,4086.22,False,4086.23,False,-0.2300000000000182,0.5,12,True,True,0.0,16,True,True,0.0,54,True,True,0.0,321,True,True,0.0
55280254,SuperTrend::SuperTrend-p14x3-M15,SELL,CLOSE,SL,1785878353,4087.04,,,0.5,,ask,6,False,True,0.010000000000218279,4086.86,4087.05,False,4086.8,False,0.23999999999978172,0.5,12,False,True,0.010000000000218279,25,False,True,0.010000000000218279,63,False,True,0.010000000000218279,336,True,True,0.0
55280272,SuperTrend::SuperTrend-p14x3-M15,SELL,OPEN,,1785878683,4085.22,-0.2400000000002364,0.2300000190734863,0.5,,bid,11,True,True,0.0,4085.19,4085.49,False,4085.46,False,-0.24000000000023647,0.5,20,True,True,0.0,40,True,True,0.0,85,True,True,0.0,356,True,True,0.0
55280272,SuperTrend::SuperTrend-p14x3-M15,SELL,CLOSE,SL,1785879018,4086.55,,,0.5,,ask,10,False,True,0.0500000000001819,4086.08,4086.85,False,4086.12,False,0.43000000000029104,0.5,16,False,True,0.0500000000001819,40,False,True,0.01999999999998181,79,False,True,0.01999999999998181,309,False,True,0.01999999999998181
55280302,SuperTrend::SuperTrend-p14x3-M15,SELL,OPEN,,1785879028,4085.37,-0.0399999999999636,1.0,0.5,,bid,2,True,True,0.0,4085.32,4085.37,False,4085.43,False,-0.05999999999994543,0.5,7,True,True,0.0,17,True,True,0.0,65,True,True,0.0,324,True,True,0.0
55280302,SuperTrend::SuperTrend-p14x3-M15,SELL,CLOSE,SL,1785879359,4086.55,,,0.5,,ask,8,False,True,0.06000000000040018,4086.44,4087.68,False,4086.46,False,0.09000000000014552,0.5,8,False,True,0.06000000000040018,31,False,True,0.06000000000040018,86,False,True,0.06000000000040018,374,False,True,0.06000000000040018
55280382,SAR::S6-K2P0,BUY,OPEN,,1785879907,4093.59,-0.2199999999997999,0.2300000190734863,0.5,,ask,4,True,True,0.0,4093.55,4093.6,False,4093.81,False,-0.2199999999997999,0.5,8,True,True,0.0,14,True,True,0.0,44,True,True,0.0,298,True,True,0.0
55280382,SAR::S6-K2P0,BUY,CLOSE,SL,1785904871,4161.8,,,0.5,,bid,17,True,True,0.0,4161.62,4161.81,False,4161.83,False,-0.02999999999974534,0.6000000000003638,25,True,True,0.0,44,True,True,0.0,80,True,True,0.0,446,True,True,0.0
55280383,SuperTrend::SuperTrend-p14x3-M15,BUY,OPEN,,1785879907,4093.56,-0.25,0.2300000190734863,0.5,,ask,4,True,True,0.0,4093.55,4093.6,False,4093.81,False,-0.25,0.5,8,True,True,0.0,14,True,True,0.0,44,True,True,0.0,298,True,True,0.0
55280383,SuperTrend::SuperTrend-p14x3-M15,BUY,CLOSE,CLIENT_manual,1785918711,4201.96,,,0.5,,bid,14,True,True,0.0,4200.76,4201.96,False,4201.86,False,0.1000000000003638,0.6000000000003638,25,True,True,0.0,45,True,True,0.0,106,True,True,0.0,633,True,True,0.0
55292360,SuperTrend::SuperTrend-p14x3-M15,BUY,OPEN,,1785955505,4248.59,-15.519999999999529,-16809.0,0.5,,ask,1,True,True,0.0,4248.59,4248.59,False,4248.58,False,0.010000000000218279,0.5,2,True,True,0.0,2,True,True,0.0,9,True,True,0.0,60,True,True,0.0
55292360,SuperTrend::SuperTrend-p14x3-M15,BUY,CLOSE,CLIENT_manual,1785964326,4283.77,,,0.5,,bid,18,False,True,0.010000000000218279,4283.73,4284.34,False,4283.77,True,0.0,0.5,29,True,True,0.0,64,True,True,0.0,142,True,True,0.0,792,True,True,0.0
55292422,SAR::S6-K2P0,BUY,OPEN,,1785957306,4256.53,-0.0500000000001819,4.220002174377441,0.5,,ask,4,False,True,0.009999999999308784,4256.52,4256.73,False,4256.53,True,0.0,0.5,11,True,True,0.0,16,True,True,0.0,28,True,True,0.0,149,True,True,0.0
55292422,SAR::S6-K2P0,BUY,CLOSE,SL,1785960113,4265.25,,,0.5,,bid,17,False,True,0.0500000000001819,4265.13,4266.17,False,4266.17,False,-0.9200000000000728,0.5,25,False,True,0.0500000000001819,43,False,True,0.0500000000001819,87,False,True,0.0500000000001819,578,False,True,0.03999999999996362
55292816,SAR::S6-K2P0,BUY,OPEN,,1785960126,4268.04,-0.2100000000000363,1.0,0.5,,ask,12,True,True,0.0,4267.84,4268.04,False,4267.91,False,0.13000000000010914,0.5,22,True,True,0.0,39,True,True,0.0,89,True,True,0.0,558,True,True,0.0
55292816,SAR::S6-K2P0,BUY,CLOSE,SL,1785960226,4265.25,,,0.5,,bid,9,False,True,0.0500000000001819,4265.11,4265.7,False,4265.83,False,-0.5799999999999272,0.5,17,False,True,0.0500000000001819,43,False,True,0.0500000000001819,97,False,True,0.010000000000218279,449,False,True,0.010000000000218279
55292848,SAR::S6-K2P0,BUY,OPEN,,1785960235,4266.63,0.2200000000002546,0.0,0.5,,ask,3,True,True,0.0,4266.41,4266.63,False,4266.39,False,0.23999999999978172,0.5,9,True,True,0.0,21,True,True,0.0,53,True,True,0.0,429,True,True,0.0
55292848,SAR::S6-K2P0,BUY,CLOSE,SL,1785960750,4265.25,,,0.5,,bid,18,False,True,0.02999999999974534,4264.92,4265.83,False,4265.88,False,-0.6300000000001091,0.5,32,False,True,0.02999999999974534,50,False,True,0.02999999999974534,105,False,True,0.010000000000218279,518,True,True,0.0
55292955,SAR::S6-K2P0,BUY,OPEN,,1785960770,4265.76,0.0,1.2300000190734863,0.5,,ask,3,True,True,0.0,4265.72,4265.76,False,4265.77,False,-0.010000000000218279,0.5,7,True,True,0.0,28,True,True,0.0,92,True,True,0.0,513,True,True,0.0
55292955,SAR::S6-K2P0,BUY,CLOSE,SL,1785960786,4265.25,,,0.5,,bid,12,False,True,0.020000000000436557,4264.85,4265.87,False,4265.91,False,-0.6599999999998545,0.5,15,False,True,0.020000000000436557,39,True,True,0.0,86,True,True,0.0,540,True,True,0.0
55292962,SAR::S6-K2P0,BUY,OPEN,,1785960848,4267.04,0.1499999999996362,1.2300000190734863,0.5,0.5,ask,9,True,True,0.0,4266.86,4267.07,False,4266.89,False,0.1499999999996362,0.5,14,True,True,0.0,21,True,True,0.0,45,True,True,0.0,449,True,True,0.0
55292962,SAR::S6-K2P0,BUY,CLOSE,EXPERT,1785960911,4271.92,,,0.5,0.5,bid,7,True,True,0.0,4271.89,4272.57,False,4271.89,False,0.02999999999974534,0.5,12,True,True,0.0,36,True,True,0.0,83,True,True,0.0,555,True,True,0.0
55293817,SuperTrend::SuperTrend-p14x3-M15,BUY,OPEN,,1785964326,4284.43,20.329999999999927,-8207.769999980927,0.5,,ask,18,True,True,0.0,4284.23,4284.84,False,4284.27,False,0.15999999999985448,0.5,29,True,True,0.0,64,True,True,0.0,142,True,True,0.0,792,True,True,0.0
55293817,SuperTrend::SuperTrend-p14x3-M15,BUY,CLOSE,SL,1785972304,4263.16,,,0.5,,bid,15,False,True,0.010000000000218279,4263.14,4263.82,False,4264.0,False,-0.8400000000001455,0.5,25,False,True,0.010000000000218279,41,False,True,0.010000000000218279,90,False,True,0.010000000000218279,488,False,True,0.010000000000218279
55295132,SuperTrend::SuperTrend-p14x3-M15,BUY,OPEN,,1785972315,4263.92,-0.9099999999998544,-249.7699999809265,0.5,,ask,8,False,True,0.020000000000436557,4263.84,4264.14,False,4263.92,True,0.0,0.5,15,True,True,0.0,35,True,True,0.0,88,True,True,0.0,535,True,True,0.0
55295132,SuperTrend::SuperTrend-p14x3-M15,BUY,CLOSE,SL,1785972338,4263.04,,,0.5,,bid,13,False,True,0.4099999999998545,4261.51,4263.45,False,4263.46,False,-0.42000000000007276,0.5,26,False,True,0.3000000000001819,46,False,True,0.3000000000001819,87,False,True,0.3000000000001819,491,False,True,0.019999999999527063
55295210,SuperTrend::SuperTrend-p14x3-M15,BUY,OPEN,,1785972535,4264.22,0.4700000000002546,-282.0,0.5,,ask,7,True,True,0.0,4264.18,4264.36,False,4264.09,False,0.13000000000010914,0.5,14,True,True,0.0,24,True,True,0.0,50,True,True,0.0,400,True,True,0.0
55295210,SuperTrend::SuperTrend-p14x3-M15,BUY,CLOSE,SL,1785972546,4263.08,,,0.5,,bid,4,False,True,0.010000000000218279,4263.07,4263.24,False,4263.19,False,-0.10999999999967258,0.5,8,False,True,0.010000000000218279,17,False,True,0.010000000000218279,46,False,True,0.010000000000218279,403,True,True,0.0
55295218,SuperTrend::SuperTrend-p14x3-M15,BUY,OPEN,,1785972566,4265.04,0.3900000000003274,-645.2499995231628,0.5,,ask,3,True,True,0.0,4265.01,4265.04,False,4265.04,True,0.0,0.5,12,True,True,0.0,31,True,True,0.0,95,True,True,0.0,450,True,True,0.0
55295218,SuperTrend::SuperTrend-p14x3-M15,BUY,CLOSE,SL,1785972815,4263.16,,,0.5,,bid,12,False,True,0.010000000000218279,4263.06,4263.26,False,4263.26,False,-0.1000000000003638,0.5,14,False,True,0.010000000000218279,21,False,True,0.010000000000218279,74,False,True,0.010000000000218279,361,False,True,0.010000000000218279
55295271,SuperTrend::SuperTrend-p14x3-M15,BUY,OPEN,,1785972818,4264.13,0.4099999999998545,-503.0,0.5,,ask,9,True,True,0.0,4264.13,4264.25,False,4264.15,False,-0.019999999999527063,0.5,14,True,True,0.0,30,True,True,0.0,75,True,True,0.0,370,True,True,0.0
55295271,SuperTrend::SuperTrend-p14x3-M15,BUY,CLOSE,SL,1785973247,4263.13,,,0.5,,bid,12,False,True,0.010000000000218279,4262.76,4263.21,False,4263.28,False,-0.1499999999996362,0.5,16,False,True,0.010000000000218279,22,False,True,0.010000000000218279,48,False,True,0.010000000000218279,320,False,True,0.010000000000218279
55295332,SuperTrend::SuperTrend-p14x3-M15,BUY,OPEN,,1785973432,4264.3,-0.0999999999994543,0.2300000190734863,0.5,,ask,5,True,True,0.0,4264.3,4264.43,False,4264.38,False,-0.07999999999992724,0.5,13,True,True,0.0,36,True,True,0.0,62,True,True,0.0,238,True,True,0.0
55295332,SuperTrend::SuperTrend-p14x3-M15,BUY,CLOSE,SL,1785973438,4263.16,,,0.5,,bid,11,False,True,0.010000000000218279,4263.06,4263.25,False,4263.22,False,-0.06000000000040018,0.5,17,False,True,0.010000000000218279,21,False,True,0.010000000000218279,54,True,True,0.0,265,True,True,0.0
55295335,SuperTrend::SuperTrend-p14x3-M15,BUY,OPEN,,1785973448,4263.86,0.0,0.2300000190734863,0.5,,ask,4,True,True,0.0,4263.83,4263.86,False,4263.69,False,0.17000000000007276,0.5,4,True,True,0.0,12,True,True,0.0,32,True,True,0.0,269,True,True,0.0
55295335,SuperTrend::SuperTrend-p14x3-M15,BUY,CLOSE,SL,1785973469,4263.16,,,0.5,,bid,8,True,True,0.0,4263.15,4263.29,False,4263.26,False,-0.1000000000003638,0.5,13,True,True,0.0,30,True,True,0.0,74,True,True,0.0,231,True,True,0.0
55295340,SuperTrend::SuperTrend-p14x3-M15,SELL,OPEN,,1785973512,4262.4,-0.0600000000004001,1.2300000190734863,0.5,,bid,4,True,True,0.0,4262.4,4262.46,False,4262.4,True,0.0,0.5,7,True,True,0.0,19,True,True,0.0,43,True,True,0.0,321,True,True,0.0
55295340,SuperTrend::SuperTrend-p14x3-M15,SELL,CLOSE,SL,1785992535,4282.87,,,0.5,,ask,14,False,True,0.020000000000436557,4282.7,4282.98,False,4282.65,False,0.22000000000025466,0.5999999999994543,20,False,True,0.020000000000436557,37,False,True,0.010000000000218279,53,False,True,0.010000000000218279,369,False,True,0.010000000000218279
55295862,SAR::S6-K2P0,BUY,OPEN,,1785981612,4266.42,-0.9799999999995634,9.22000217437744,0.5,,ask,8,True,True,0.0,4266.3,4266.65,False,4266.66,False,-0.23999999999978172,0.5,16,True,True,0.0,40,True,True,0.0,106,True,True,0.0,437,True,True,0.0
55295862,SAR::S6-K2P0,BUY,CLOSE,SL,1785997049,4267.0,,,0.5,,bid,9,True,True,0.0,4267.0,4267.06,False,4267.09,False,-0.09000000000014552,0.5999999999994543,20,True,True,0.0,44,True,True,0.0,91,True,True,0.0,416,True,True,0.0
55304731,SAR::S6-K2P0,SELL,OPEN,,1786041902,4239.16,0.0,1.0,0.5,,bid,0,False,False,,,,False,4239.16,True,0.0,0.5,1,True,True,0.0,3,True,True,0.0,18,True,True,0.0,116,True,True,0.0
55304731,SAR::S6-K2P0,SELL,CLOSE,SL,1786045734,4248.9,,,0.5,,ask,3,False,True,0.03999999999996362,4248.67,4248.94,False,4248.67,False,0.22999999999956344,0.5,9,False,True,0.03999999999996362,14,False,True,0.03999999999996362,32,False,True,0.019999999999527063,175,True,True,0.0
55304732,SuperTrend::SuperTrend-p14x3-M15,SELL,OPEN,,1786041902,4239.16,0.0,1.0,0.5,,bid,0,False,False,,,,False,4239.16,True,0.0,0.5,1,True,True,0.0,3,True,True,0.0,18,True,True,0.0,116,True,True,0.0
55304732,SuperTrend::SuperTrend-p14x3-M15,SELL,CLOSE,SL,1786052591,4255.9,,,0.5,,ask,21,False,True,0.019999999999527063,4255.04,4256.24,False,4255.2,False,0.6999999999998181,0.5,36,False,True,0.019999999999527063,64,False,True,0.019999999999527063,151,False,True,0.019999999999527063,630,False,True,0.019999999999527063
55304816,SAR::S6-K2P0,SELL,OPEN,,1786045746,4248.06,-0.2799999999997453,-14.769999980926514,0.5,,bid,11,True,True,0.0,4247.98,4248.16,False,4248.32,False,-0.2599999999993088,0.5,14,True,True,0.0,27,True,True,0.0,46,True,True,0.0,191,True,True,0.0
55304816,SAR::S6-K2P0,SELL,CLOSE,EXPERT,1786045778,4249.05,,,0.5,,ask,4,True,True,0.0,4248.98,4249.05,False,4249.1,False,-0.0500000000001819,0.5,9,True,True,0.0,13,True,True,0.0,36,True,True,0.0,178,True,True,0.0
55304989,SAR::S6-K2P0,SELL,OPEN,,1786048203,4243.1,-0.0399999999999636,1.0,0.5,,bid,15,True,True,0.0,4243.01,4243.4,False,4243.29,False,-0.18999999999959982,0.5,25,True,True,0.0,51,True,True,0.0,105,True,True,0.0,407,True,True,0.0
55304989,SAR::S6-K2P0,SELL,CLOSE,SL,1786050477,4245.32,,,0.5,,ask,7,False,True,0.13999999999941792,4244.82,4245.66,False,4244.82,False,0.5,0.5,14,False,True,0.13999999999941792,29,False,True,0.06000000000040018,82,False,True,0.009999999999308784,534,False,True,0.009999999999308784
55305411,SAR::S6-K2P0,SELL,OPEN,,1786050479,4244.56,0.0399999999999636,0.0,0.5,,bid,11,False,True,0.03999999999996362,4244.44,4244.73,False,4244.56,True,0.0,0.5,25,True,True,0.0,44,True,True,0.0,86,True,True,0.0,530,True,True,0.0
55305411,SAR::S6-K2P0,SELL,CLOSE,SL,1786050482,4245.56,,,0.5,,ask,9,False,True,0.030000000000654836,4245.53,4245.85,False,4245.52,False,0.03999999999996362,0.5,17,False,True,0.030000000000654836,39,False,True,0.030000000000654836,103,False,True,0.019999999999527063,509,False,True,0.019999999999527063
55305418,SAR::S6-K2P0,SELL,OPEN,,1786050542,4243.23,-0.0400000000008731,0.2300000190734863,0.5,,bid,7,True,True,0.0,4243.23,4243.39,False,4243.27,False,-0.040000000000873115,0.5,16,True,True,0.0,24,True,True,0.0,62,True,True,0.0,385,True,True,0.0
55305418,SAR::S6-K2P0,SELL,CLOSE,SL,1786050880,4245.32,,,0.5,,ask,10,False,True,0.03999999999996362,4245.05,4245.42,False,4245.04,False,0.27999999999974534,0.5,15,False,True,0.03999999999996362,27,True,True,0.0,66,True,True,0.0,342,True,True,0.0
55305439,SAR::S6-K2P0,SELL,OPEN,,1786050887,4244.52,0.0,0.0,0.5,0.5,bid,1,True,True,0.0,4244.52,4244.52,False,4244.58,False,-0.05999999999949068,0.5,2,True,True,0.0,6,True,True,0.0,51,True,True,0.0,356,True,True,0.0
55305439,SAR::S6-K2P0,SELL,CLOSE,EXPERT,1786050903,4244.14,,,0.5,0.5,ask,8,True,True,0.0,4244.14,4244.24,False,4244.23,False,-0.08999999999923602,0.5,18,True,True,0.0,37,True,True,0.0,61,True,True,0.0,397,True,True,0.0
55305597,SuperTrend::SuperTrend-p14x3-M15,SELL,OPEN,,1786052598,4253.32,-0.0100000000002182,0.0,0.5,,bid,17,True,True,0.0,4253.09,4253.37,False,4253.29,False,0.02999999999974534,0.5,25,True,True,0.0,44,True,True,0.0,112,True,True,0.0,597,True,True,0.0
55305597,SuperTrend::SuperTrend-p14x3-M15,SELL,CLOSE,SL,1786052658,4255.9,,,0.5,,ask,9,False,True,0.4399999999995998,4255.31,4256.66,False,4255.31,False,0.589999999999236,0.5,20,False,True,0.4399999999995998,46,False,True,0.2899999999999636,122,False,True,0.25,616,False,True,0.009999999999308784
55305633,SAR::S6-K2P0,BUY,OPEN,,1786052708,4256.34,0.2300000000004729,0.2300000190734863,0.5,,ask,13,True,True,0.0,4256.09,4256.35,False,4256.09,False,0.25,0.5,20,True,True,0.0,36,True,True,0.0,97,True,True,0.0,529,True,True,0.0
55305633,SAR::S6-K2P0,BUY,CLOSE,CLIENT_manual,1786094068,4348.0,,,0.5,,bid,4,True,True,0.0,4348.0,4348.15,False,4347.98,False,0.020000000000436557,0.6000000000003638,19,True,True,0.0,37,True,True,0.0,107,True,True,0.0,642,True,True,0.0
55305634,SuperTrend::SuperTrend-p14x3-M15,BUY,OPEN,,1786052708,4256.32,0.2100000000000363,0.2300000190734863,0.5,,ask,13,True,True,0.0,4256.09,4256.35,False,4256.09,False,0.22999999999956344,0.5,20,True,True,0.0,36,True,True,0.0,97,True,True,0.0,529,True,True,0.0
55305634,SuperTrend::SuperTrend-p14x3-M15,BUY,CLOSE,CLIENT_manual,1786088862,4324.0,,,0.5,,bid,3,True,True,0.0,4324.0,4324.02,False,4324.0,True,0.0,0.6000000000003638,6,True,True,0.0,13,True,True,0.0,40,True,True,0.0,260,True,True,0.0
55317669,SAR::S6-K2P0,BUY,OPEN,,1786301115,4340.99,0.0599999999994906,1.0,0.5,,ask,1,False,False,0.1499999999996362,4340.84,4340.84,False,4340.99,True,0.0,0.5,3,True,True,0.0,10,True,True,0.0,23,True,True,0.0,112,True,True,0.0
55317669,SAR::S6-K2P0,BUY,CLOSE,SL,1786305542,4332.44,,,0.5,,bid,10,False,True,0.11999999999989086,4332.2,4333.17,False,4333.27,False,-0.8300000000008367,0.5,12,False,True,0.11999999999989086,33,False,True,0.02999999999974534,62,False,True,0.009999999999308784,286,False,True,0.009999999999308784
55317670,SuperTrend::SuperTrend-p14x3-M15,BUY,OPEN,,1786301115,4340.99,,,0.5,,ask,1,False,False,0.1499999999996362,4340.84,4340.84,False,4340.99,True,0.0,0.5,3,True,True,0.0,10,True,True,0.0,23,True,True,0.0,112,True,True,0.0
55317670,SuperTrend::SuperTrend-p14x3-M15,BUY,CLOSE,SL,1786309514,4324.66,,,0.5,,bid,23,False,True,0.019999999999527063,4323.96,4325.06,False,4325.11,False,-0.4499999999998181,0.5,40,False,True,0.019999999999527063,79,False,True,0.010000000000218279,183,False,True,0.010000000000218279,973,True,True,0.0
55318013,SAR::S6-K2P0,BUY,OPEN,,1786305550,4333.44,0.1199999999998908,1.0,0.5,,ask,9,False,False,0.0500000000001819,4333.49,4333.66,False,4333.44,True,0.0,0.5,13,True,True,0.0,21,True,True,0.0,53,True,True,0.0,284,True,True,0.0
55318013,SAR::S6-K2P0,BUY,CLOSE,SL,1786305600,4332.44,,,0.5,,bid,19,False,True,0.049999999999272404,4332.39,4333.2,False,4332.71,False,-0.27000000000043656,0.5,22,False,True,0.049999999999272404,43,False,True,0.049999999999272404,116,False,True,0.049999999999272404,644,False,True,0.019999999999527063
55318154,SAR::S6-K2P0,SELL,OPEN,,1786306511,4344.59,0.110000000000582,1.2300000190734863,0.5,,bid,13,False,True,0.010000000000218279,4344.46,4344.9,False,4344.59,True,0.0,0.5,20,True,True,0.0,38,True,True,0.0,95,True,True,0.0,543,True,True,0.0
55318154,SAR::S6-K2P0,SELL,CLOSE,SL,1786314544,4331.48,,,0.5,,ask,10,False,True,0.1000000000003638,4331.32,4331.86,False,4331.3,False,0.17999999999938154,0.5,24,False,True,0.03999999999996362,37,False,True,0.03999999999996362,64,True,True,0.0,235,True,True,0.0
55318523,SuperTrend::SuperTrend-p14x3-M15,BUY,OPEN,,1786309539,4325.68,0.430000000000291,1.0,0.5,,ask,15,True,True,0.0,4325.44,4325.74,False,4325.69,False,-0.009999999999308784,0.5,31,True,True,0.0,61,True,True,0.0,142,True,True,0.0,965,True,True,0.0
55318523,SuperTrend::SuperTrend-p14x3-M15,BUY,CLOSE,SL,1786309542,4324.61,,,0.5,,bid,11,True,True,0.0,4324.61,4325.13,False,4324.99,False,-0.38000000000010914,0.5,18,True,True,0.0,42,True,True,0.0,144,True,True,0.0,965,True,True,0.0
55318537,SuperTrend::SuperTrend-p14x3-M15,BUY,OPEN,,1786309618,4325.66,0.1599999999998544,1.2300000190734863,0.5,,ask,6,True,True,0.0,4325.55,4325.66,False,4325.55,False,0.10999999999967258,0.5,17,True,True,0.0,42,True,True,0.0,102,True,True,0.0,632,True,True,0.0
55318537,SuperTrend::SuperTrend-p14x3-M15,BUY,CLOSE,SL,1786309623,4324.66,,,0.5,,bid,13,False,True,0.010000000000218279,4324.61,4325.21,False,4325.22,False,-0.5600000000004002,0.5,19,False,True,0.010000000000218279,31,False,True,0.010000000000218279,88,False,True,0.010000000000218279,626,True,True,0.0
55318544,SuperTrend::SuperTrend-p14x3-M15,BUY,OPEN,,1786309634,4326.55,,,0.5,,ask,10,True,True,0.0,4326.2,4326.75,False,4326.64,False,-0.09000000000014552,0.5,25,True,True,0.0,46,True,True,0.0,118,True,True,0.0,650,True,True,0.0
55318544,SuperTrend::SuperTrend-p14x3-M15,BUY,CLOSE,SL,1786309677,4324.66,,,0.5,,bid,10,False,True,0.02999999999974534,4324.53,4325.25,False,4325.32,False,-0.6599999999998545,0.5,17,False,True,0.02999999999974534,44,False,True,0.02999999999974534,114,False,True,0.010000000000218279,706,False,True,0.010000000000218279
55318552,SuperTrend::SuperTrend-p14x3-M15,BUY,OPEN,,1786309697,4325.99,,,0.5,,ask,13,True,True,0.0,4325.51,4325.99,False,4325.55,False,0.4399999999995998,0.5,29,True,True,0.0,54,True,True,0.0,138,True,True,0.0,709,True,True,0.0
55318552,SuperTrend::SuperTrend-p14x3-M15,BUY,CLOSE,SL,1786309700,4324.66,,,0.5,,bid,14,False,False,0.10999999999967258,4324.05,4324.55,False,4324.89,False,-0.23000000000047294,0.5,29,False,True,0.10999999999967258,55,False,True,0.10999999999967258,138,False,True,0.010000000000218279,725,True,True,0.0
55318556,SuperTrend::SuperTrend-p14x3-M15,BUY,OPEN,,1786309713,4325.67,-0.019999999999527,17.230000019073486,0.5,,ask,9,True,True,0.0,4325.38,4325.94,False,4325.42,False,0.25,0.5,21,True,True,0.0,37,True,True,0.0,104,True,True,0.0,739,True,True,0.0
55318556,SuperTrend::SuperTrend-p14x3-M15,BUY,CLOSE,SL,1786309720,4324.66,,,0.5,,bid,16,False,True,0.019999999999527063,4324.26,4325.02,False,4324.99,False,-0.32999999999992724,0.5,24,False,True,0.019999999999527063,41,False,True,0.019999999999527063,105,False,True,0.010000000000218279,714,True,True,0.0
55318566,SuperTrend::SuperTrend-p14x3-M15,BUY,OPEN,,1786309760,4327.35,0.4000000000005457,0.2300000190734863,0.5,,ask,15,True,True,0.0,4327.02,4327.37,False,4327.03,False,0.32000000000061846,0.5,27,True,True,0.0,44,True,True,0.0,115,True,True,0.0,687,True,True,0.0
55318566,SuperTrend::SuperTrend-p14x3-M15,BUY,CLOSE,SL,1786309770,4324.66,,,0.5,,bid,17,False,True,0.010000000000218279,4324.42,4325.1,False,4325.08,False,-0.42000000000007276,0.5,32,False,True,0.010000000000218279,54,True,True,0.0,117,True,True,0.0,673,True,True,0.0
55318569,SuperTrend::SuperTrend-p14x3-M15,BUY,OPEN,,1786309776,4325.61,0.4200000000000727,0.0,0.5,,ask,13,True,True,0.0,4325.13,4325.74,False,4325.14,False,0.46999999999934516,0.5,26,True,True,0.0,45,True,True,0.0,94,True,True,0.0,658,True,True,0.0
55318569,SuperTrend::SuperTrend-p14x3-M15,BUY,CLOSE,SL,1786309782,4324.46,,,0.5,,bid,15,False,True,0.010000000000218279,4324.16,4324.66,False,4324.57,False,-0.10999999999967258,0.5,27,False,True,0.010000000000218279,40,False,True,0.010000000000218279,106,True,True,0.0,624,True,True,0.0
55318627,SuperTrend::SuperTrend-p14x3-M15,BUY,OPEN,,1786310012,4325.17,-0.0799999999999272,174.0,0.5,,ask,11,True,True,0.0,4324.97,4325.19,False,4324.96,False,0.21000000000003638,0.5,16,True,True,0.0,32,True,True,0.0,78,True,True,0.0,529,True,True,0.0
55318627,SuperTrend::SuperTrend-p14x3-M15,BUY,CLOSE,SL,1786310021,4324.17,,,0.5,,bid,8,False,True,0.03999999999996362,4324.11,4324.45,False,4324.43,False,-0.2600000000002183,0.5,12,False,True,0.03999999999996362,28,False,True,0.03999999999996362,83,False,True,0.03999999999996362,547,False,True,0.02999999999974534
55318642,SuperTrend::SuperTrend-p14x3-M15,SELL,OPEN,,1786310107,4322.85,0.1400000000003274,1.2300000190734863,0.5,,bid,14,True,True,0.0,4322.81,4322.97,False,4322.85,True,0.0,0.5,28,True,True,0.0,46,True,True,0.0,107,True,True,0.0,564,True,True,0.0
55318642,SuperTrend::SuperTrend-p14x3-M15,SELL,CLOSE,SL,1786326034,4344.69,,,0.5,,ask,4,True,True,0.0,4344.64,4344.69,False,4344.59,False,0.0999999999994543,0.5,9,True,True,0.0,23,True,True,0.0,93,True,True,0.0,439,True,True,0.0
55320125,SAR::S6-K2P0,SELL,OPEN,,1786314553,4330.56,0.0100000000002182,1.4200010299682615,0.5,,bid,6,True,True,0.0,4330.56,4330.6,False,4330.49,False,0.07000000000061846,0.5,9,True,True,0.0,16,True,True,0.0,36,True,True,0.0,259,True,True,0.0
55320125,SAR::S6-K2P0,SELL,CLOSE,SL,1786314571,4331.7,,,0.5,,ask,6,True,True,0.0,4331.68,4331.79,False,4331.39,False,0.3099999999994907,0.5,13,True,True,0.0,15,True,True,0.0,37,True,True,0.0,255,True,True,0.0
55321392,SuperTrend::SuperTrend-p14x3-M15,SELL,OPEN,,1786326044,4343.24,,,0.5,,bid,5,True,True,0.0,4343.23,4343.33,False,4343.26,False,-0.020000000000436557,0.5,18,True,True,0.0,31,True,True,0.0,83,True,True,0.0,430,True,True,0.0
55321392,SuperTrend::SuperTrend-p14x3-M15,SELL,CLOSE,SL,1786326451,4344.69,,,0.5,,ask,8,False,True,0.010000000000218279,4344.67,4344.86,False,4344.65,False,0.03999999999996362,0.5,13,False,True,0.010000000000218279,28,False,True,0.010000000000218279,71,False,True,0.010000000000218279,422,True,True,0.0
55321485,SAR::S6-K2P0,BUY,OPEN,,1786326312,4342.36,0.0099999999993087,1.0,0.5,,ask,2,True,True,0.0,4342.34,4342.36,False,4342.35,False,0.009999999999308784,0.5,3,True,True,0.0,12,True,True,0.0,43,True,True,0.0,333,True,True,0.0
55321485,SAR::S6-K2P0,BUY,CLOSE,SL,1786336939,4346.42,,,0.5,,bid,8,True,True,0.0,4346.24,4347.26,False,4347.3,False,-0.8800000000001091,0.5999999999994543,8,True,True,0.0,23,True,True,0.0,39,True,True,0.0,214,True,True,0.0
55321492,SuperTrend::SuperTrend-p14x3-M15,SELL,OPEN,,1786326455,4343.79,0.0,1.0,0.5,,bid,8,False,False,0.020000000000436557,4343.81,4344.1,False,4343.79,True,0.0,0.5,10,True,True,0.0,21,True,True,0.0,73,True,True,0.0,452,True,True,0.0
55321492,SuperTrend::SuperTrend-p14x3-M15,SELL,CLOSE,SL,1786326458,4344.79,,,0.5,,ask,11,False,True,0.010000000000218279,4344.6,4344.85,False,4344.62,False,0.17000000000007276,0.5,21,False,True,0.010000000000218279,32,False,True,0.010000000000218279,66,False,True,0.010000000000218279,448,True,True,0.0
55321697,SuperTrend::SuperTrend-p14x3-M15,BUY,OPEN,,1786327212,4346.59,-0.4499999999998181,1.2300000190734863,0.5,,ask,17,True,True,0.0,4346.48,4346.83,False,4346.89,False,-0.3000000000001819,0.5,30,True,True,0.0,51,True,True,0.0,121,True,True,0.0,533,True,True,0.0
55321697,SuperTrend::SuperTrend-p14x3-M15,BUY,CLOSE,SL,1786345495,4334.49,,,0.5,,bid,14,True,True,0.0,4334.38,4334.56,False,4334.76,False,-0.27000000000043656,0.5999999999994543,22,True,True,0.0,26,True,True,0.0,38,True,True,0.0,197,True,True,0.0
55331537,SAR::S6-K2P0,BUY,OPEN,,1786387511,4396.18,5.190000000000509,6357.500054359436,0.5,,ask,0,False,False,,,,False,4396.18,True,0.0,0.5,1,True,True,0.0,3,True,True,0.0,17,True,True,0.0,74,True,True,0.0
55331537,SAR::S6-K2P0,BUY,CLOSE,SL,1786395693,4402.77,,,0.5,,bid,9,False,False,0.020000000000436557,4402.21,4402.75,True,4402.82,False,-0.049999999999272404,0.5,17,False,True,0.020000000000436557,34,False,True,0.020000000000436557,98,False,True,0.020000000000436557,843,False,True,0.020000000000436557
55331538,SuperTrend::SuperTrend-p14x3-M15,BUY,OPEN,,1786387511,4396.18,5.190000000000509,6357.500054359436,0.5,,ask,0,False,False,,,,False,4396.18,True,0.0,0.5,1,True,True,0.0,3,True,True,0.0,17,True,True,0.0,74,True,True,0.0
55331538,SuperTrend::SuperTrend-p14x3-M15,BUY,CLOSE,CLIENT_manual,1786401324,4424.77,,,0.5,,bid,7,True,True,0.0,4424.77,4424.9,False,4424.84,False,-0.06999999999970896,0.5,16,True,True,0.0,28,True,True,0.0,69,True,True,0.0,370,True,True,0.0
55332591,SAR::S6-K2P0,BUY,OPEN,,1786395992,4404.08,0.0100000000002182,-0.7699999809265137,0.5,,ask,1,True,True,0.0,4404.08,4404.08,False,4404.11,False,-0.02999999999974534,0.5,8,True,True,0.0,21,True,True,0.0,60,True,True,0.0,493,True,True,0.0
55332591,SAR::S6-K2P0,BUY,CLOSE,SL,1786396020,4402.77,,,0.5,,bid,9,False,True,0.040000000000873115,4402.57,4402.91,False,4402.89,False,-0.11999999999989086,0.5,16,False,True,0.040000000000873115,22,False,True,0.010000000000218279,79,False,True,0.009999999999308784,448,False,True,0.009999999999308784
55332605,SAR::S6-K2P0,BUY,OPEN,,1786396024,4403.44,0.1299999999991996,0.0,0.5,0.5,ask,13,True,True,0.0,4403.28,4403.7,False,4403.4,False,0.03999999999996362,0.5,23,True,True,0.0,40,True,True,0.0,81,True,True,0.0,466,True,True,0.0
55332605,SAR::S6-K2P0,BUY,CLOSE,EXPERT,1786396508,4413.72,,,0.5,0.5,bid,7,True,True,0.0,4413.72,4414.04,False,4413.74,False,-0.019999999999527063,0.5,10,True,True,0.0,31,True,True,0.0,85,True,True,0.0,475,True,True,0.0
55333223,SAR::S6-K2P0,BUY,OPEN,,1786399202,4430.03,0.0699999999997089,0.0,0.5,,ask,11,True,True,0.0,4429.91,4430.1,False,4430.02,False,0.009999999999308784,0.5,23,True,True,0.0,44,True,True,0.0,75,True,True,0.0,395,True,True,0.0
55333223,SAR::S6-K2P0,BUY,CLOSE,CLIENT_manual,1786401324,4424.87,,,0.5,,bid,7,True,True,0.0,4424.77,4424.9,False,4424.84,False,0.02999999999974534,0.5,16,True,True,0.0,28,True,True,0.0,69,True,True,0.0,370,True,True,0.0
55333600,SAR::S6-K2P0,BUY,OPEN,,1786401327,4425.42,,,0.5,,ask,6,True,True,0.0,4425.24,4425.43,False,4425.45,False,-0.02999999999974534,0.5,17,True,True,0.0,31,True,True,0.0,78,True,True,0.0,375,True,True,0.0
55333600,SAR::S6-K2P0,BUY,CLOSE,SL,1786401519,4416.26,,,0.5,,bid,8,False,True,0.03999999999996362,4416.18,4416.49,False,4416.82,False,-0.5599999999994907,0.5,11,False,True,0.03999999999996362,26,False,True,0.03999999999996362,71,True,True,0.0,502,True,True,0.0
55333601,SuperTrend::SuperTrend-p14x3-M15,BUY,OPEN,,1786401327,4425.42,21.420000000000076,-8456.0,0.5,,ask,6,True,True,0.0,4425.24,4425.43,False,4425.45,False,-0.02999999999974534,0.5,17,True,True,0.0,31,True,True,0.0,78,True,True,0.0,375,True,True,0.0
55333601,SuperTrend::SuperTrend-p14x3-M15,BUY,CLOSE,SL,1786409782,4403.29,,,0.5,,bid,5,False,True,0.0500000000001819,4403.24,4403.88,False,4403.88,False,-0.5900000000001455,0.5,6,False,True,0.0500000000001819,13,False,True,0.0500000000001819,49,False,True,0.0500000000001819,222,False,True,0.0500000000001819
55333670,SAR::S6-K2P0,BUY,OPEN,,1786401624,4418.91,0.0900000000001455,0.0,0.5,0.5,ask,9,True,True,0.0,4418.78,4418.91,False,4418.84,False,0.06999999999970896,0.5,13,True,True,0.0,39,True,True,0.0,88,True,True,0.0,404,True,True,0.0
55333670,SAR::S6-K2P0,BUY,CLOSE,EXPERT,1786401907,4418.35,,,0.5,0.5,bid,6,True,True,0.0,4418.23,4418.68,False,4418.63,False,-0.27999999999974534,0.5,17,True,True,0.0,24,True,True,0.0,59,True,True,0.0,280,True,True,0.0
55334110,SuperTrend::SuperTrend-p14x3-M15,BUY,OPEN,,1786409784,4404.22,0.4000000000005457,-598.7699999809265,0.5,,ask,8,True,True,0.0,4404.2,4404.55,False,4404.16,False,0.06000000000040018,0.5,13,True,True,0.0,29,True,True,0.0,46,True,True,0.0,221,True,True,0.0
55334110,SuperTrend::SuperTrend-p14x3-M15,BUY,CLOSE,SL,1786410325,4403.29,,,0.5,,bid,8,False,True,0.02999999999974534,4403.26,4403.8,False,4403.82,False,-0.5299999999997453,0.5,9,False,True,0.02999999999974534,19,True,True,0.0,40,True,True,0.0,284,True,True,0.0
55334130,SuperTrend::SuperTrend-p14x3-M15,BUY,OPEN,,1786410399,4404.38,-0.1499999999996362,0.2300000190734863,0.5,,ask,4,True,True,0.0,4404.36,4404.53,False,4404.53,False,-0.1499999999996362,0.5,9,True,True,0.0,17,True,True,0.0,44,True,True,0.0,264,True,True,0.0
55334130,SuperTrend::SuperTrend-p14x3-M15,BUY,CLOSE,SL,1786410425,4403.29,,,0.5,,bid,8,False,True,0.010000000000218279,4403.28,4403.61,False,4403.61,False,-0.31999999999970896,0.5,13,False,True,0.010000000000218279,31,False,True,0.010000000000218279,51,False,True,0.010000000000218279,276,False,True,0.010000000000218279
55334139,SuperTrend::SuperTrend-p14x3-M15,BUY,OPEN,,1786410447,4404.52,-0.2099999999991268,0.2300000190734863,0.5,,ask,1,True,True,0.0,4404.52,4404.52,False,4404.59,False,-0.06999999999970896,0.5,5,True,True,0.0,8,True,True,0.0,39,True,True,0.0,285,True,True,0.0
55334139,SuperTrend::SuperTrend-p14x3-M15,BUY,CLOSE,SL,1786410487,4403.29,,,0.5,,bid,10,False,True,0.10999999999967258,4403.08,4403.97,False,4403.95,False,-0.6599999999998545,0.5,14,False,True,0.1000000000003638,16,False,True,0.07999999999992724,34,False,True,0.07999999999992724,273,False,True,0.07999999999992724
55334142,SuperTrend::SuperTrend-p14x3-M15,BUY,OPEN,,1786410494,4405.05,0.0,0.0,0.5,,ask,9,True,True,0.0,4404.86,4405.07,False,4405.05,True,0.0,0.5,16,True,True,0.0,26,True,True,0.0,50,True,True,0.0,232,True,True,0.0
55334142,SuperTrend::SuperTrend-p14x3-M15,BUY,CLOSE,SL,1786410680,4403.29,,,0.5,,bid,14,False,True,0.18000000000029104,4403.03,4403.64,False,4403.6,False,-0.3100000000004002,0.5,16,False,True,0.18000000000029104,27,False,True,0.13000000000010914,46,False,True,0.13000000000010914,258,False,True,0.13000000000010914
55334188,SuperTrend::SuperTrend-p14x3-M15,SELL,OPEN,,1786410904,4401.66,0.0799999999999272,0.2300000190734863,0.5,,bid,5,False,False,0.09000000000014552,4401.75,4401.88,False,4401.66,True,0.0,0.5,11,True,True,0.0,17,True,True,0.0,41,True,True,0.0,168,True,True,0.0
55334188,SuperTrend::SuperTrend-p14x3-M15,SELL,CLOSE,SL,1786431669,4386.3,,,0.5,,ask,28,False,True,0.019999999999527063,4385.85,4388.23,False,4385.85,False,0.4499999999998181,0.6000000000003638,48,False,True,0.019999999999527063,97,False,True,0.019999999999527063,205,False,True,0.019999999999527063,832,False,True,0.019999999999527063
