side,ficha,reason,t_in,t_out,entry_fill,exit_fill,spread,entry_delay_bars,net_067lot_clp,month
SHORT,F1,EXIT_STLINE,2026-01-01T23:30:00,2026-01-01T23:30:03.104000,4347.59,4348.63,0.5,0,-65255.32,2026-01
LONG,F1,EXIT_STLINE,2026-01-01T23:45:00,2026-01-02T10:25:02.976000,4351.88,4378.57,0.5,0,1674677.39,2026-01
LONG,F1,EXIT_STLINE,2026-01-05T21:45:00,2026-01-05T22:02:39.398000,4436.85,4432.7,0.5,0,-260393.83,2026-01
LONG,F1,EXIT_STLINE,2026-01-05T22:15:00,2026-01-05T22:33:27.164000,4442.17,4432.97,0.5,0,-577258.6,2026-01
LONG,F1,EXIT_STLINE,2026-01-05T22:45:00,2026-01-06T06:47:11.237000,4439.51,4448.58,0.5,0,569101.68,2026-01
SHORT,F1,EXIT_STLINE,2026-01-06T22:15:00,2026-01-07T05:36:57.631000,4470.81,4470.0,0.5,0,50823.86,2026-01
LONG,F1,EXIT_STLINE,2026-01-07T22:15:00,2026-01-07T22:44:15.288000,4457.49,4446.41,0.5,0,-695220.14,2026-01
LONG,F1,EXIT_STLINE,2026-01-07T22:45:00,2026-01-07T22:45:24.548000,4447.85,4445.83,0.5,0,-126745.91,2026-01
LONG,F1,EXIT_STLINE,2026-01-07T23:00:00,2026-01-07T23:00:30.874000,4448.78,4446.44,0.5,0,-146824.47,2026-01
SHORT,F1,EXIT_STLINE,2026-01-07T23:15:00,2026-01-08T11:47:46.787000,4446.2,4436.88,0.5,0,584788.06,2026-01
LONG,F1,EXIT_STLINE,2026-01-08T22:15:00,2026-01-08T22:16:50.839000,4459.58,4458.04,0.5,0,-96628.07,2026-01
SHORT,F1,EXIT_STLINE,2026-01-08T22:30:00,2026-01-09T09:00:48.476000,4457.22,4478.54,0.5,0,-1337734.06,2026-01
LONG,F1,EXIT_STLINE,2026-01-13T22:15:00,2026-01-14T11:39:56.576000,4615.8,4617.77,0.5,0,123608.64,2026-01
LONG,F1,EXIT_STLINE,2026-01-14T20:15:00,2026-01-14T20:18:14.274000,4617.17,4612.46,0.5,0,-295531.31,2026-01
SHORT,F1,EXIT_STLINE,2026-01-14T20:30:00,2026-01-15T07:24:35.687000,4608.98,4615.81,0.5,0,-428551.77,2026-01
LONG,F1,EXIT_STLINE,2026-01-15T22:00:00,2026-01-15T22:00:00.992000,4600.43,4598.49,0.5,0,-121726.27,2026-01
LONG,F1,EXIT_STLINE,2026-01-15T22:15:00,2026-01-15T23:00:25.509000,4604.14,4598.94,0.5,0,-326276.6,2026-01
SHORT,F1,EXIT_STLINE,2026-01-15T23:15:00,2026-01-16T02:51:16.272000,4597.75,4613.64,0.5,0,-997026.0,2026-01
SHORT,F1,EXIT_STLINE,2026-01-16T03:00:00,2026-01-16T08:34:09.848000,4611.37,4613.63,0.5,0,-141804.83,2026-01
SHORT,F1,EXIT_STLINE,2026-01-19T21:30:00,2026-01-20T00:40:07.576000,4659.49,4677.52,0.5,0,-1131301.37,2026-01
SHORT,F1,EXIT_STLINE,2026-01-20T00:45:00,2026-01-20T00:45:00.092000,4676.69,4677.19,0.5,0,-31372.75,2026-01
LONG,F1,EXIT_STLINE,2026-01-20T01:00:00,2026-01-21T04:00:03.578000,4680.53,4843.57,0.5,0,10230026.32,2026-01
SHORT,F1,EXIT_STLINE,2026-01-21T21:00:00,2026-01-22T03:25:32.619000,4778.13,4829.27,0.5,0,-3208804.87,2026-01
SHORT,F1,EXIT_STLINE,2026-01-22T03:30:00,2026-01-22T04:02:12.020000,4825.41,4829.45,0.5,0,-253491.82,2026-01
LONG,F1,EXIT_STLINE,2026-01-26T22:15:00,2026-01-27T11:05:41.798000,5072.01,5061.68,0.5,0,-648161.01,2026-01
LONG,F1,EXIT_STLINE,2026-01-28T22:15:00,2026-01-29T05:42:08.757000,5480.28,5509.36,0.5,0,1824639.14,2026-01
SHORT,F1,EXIT_STLINE,2026-01-29T22:15:00,2026-01-30T16:45:34.475000,5309.65,4932.07,0.5,0,23691445.89,2026-01
LONG,F1,EXIT_STLINE,2026-02-01T20:15:00,2026-02-01T20:15:49.454000,4741.66,4733.5,0.5,0,-512003.28,2026-02
SHORT,F1,EXIT_STLINE,2026-02-01T20:30:00,2026-02-02T05:22:21.897000,4728.01,4648.03,0.5,0,5018385.09,2026-02
LONG,F1,EXIT_STLINE,2026-02-02T21:00:00,2026-02-03T15:32:30.589000,4774.6,4902.01,0.5,0,7994404.15,2026-02
LONG,F1,EXIT_STLINE,2026-02-04T20:15:00,2026-02-04T22:19:36.690000,5010.25,4944.52,0.5,0,-4124261.71,2026-02
LONG,F1,EXIT_STLINE,2026-02-04T22:30:00,2026-02-04T23:05:21.165000,4952.45,4944.33,0.5,0,-509493.46,2026-02
SHORT,F1,EXIT_STLINE,2026-02-04T23:15:00,2026-02-05T04:26:14.375000,4915.24,4935.78,0.5,0,-1288792.57,2026-02
SHORT,F1,EXIT_STLINE,2026-02-05T23:00:00,2026-02-05T23:00:01.297000,4774.02,4775.66,0.5,0,-102902.62,2026-02
LONG,F1,EXIT_STLINE,2026-02-05T23:15:00,2026-02-08T22:36:49.530000,4787.99,4982.78,0.5,0,12222195.94,2026-02
LONG,F1,EXIT_STLINE,2026-02-08T22:45:00,2026-02-08T22:58:46.892000,5010.04,4982.9,0.5,0,-1702912.87,2026-02
SHORT,F1,EXIT_STLINE,2026-02-08T23:00:00,2026-02-09T11:45:03.168000,4982.43,5039.6,0.5,0,-3587160.24,2026-02
SHORT,F1,EXIT_STLINE,2026-02-09T20:15:00,2026-02-10T06:09:16.420000,5013.21,5063.32,0.5,0,-3144177.0,2026-02
SHORT,F1,EXIT_STLINE,2026-02-10T06:15:00,2026-02-10T11:16:25.632000,5051.64,5063.37,0.5,0,-736004.71,2026-02
SHORT,F1,EXIT_STLINE,2026-02-10T20:30:00,2026-02-10T22:59:08.679000,5046.55,5052.83,0.5,0,-394041.74,2026-02
SHORT,F1,EXIT_STLINE,2026-02-10T23:00:00,2026-02-10T23:00:00.062000,5052.37,5052.87,0.5,0,-31372.75,2026-02
SHORT,F1,EXIT_STLINE,2026-02-10T23:15:00,2026-02-10T23:43:06.478000,5037.1,5052.6,0.5,0,-972555.25,2026-02
LONG,F1,EXIT_STLINE,2026-02-10T23:45:00,2026-02-11T09:41:06.621000,5054.32,5079.76,0.5,0,1596245.52,2026-02
LONG,F1,EXIT_STLINE,2026-02-12T22:30:00,2026-02-13T08:00:39.522000,4970.28,4944.39,0.5,0,-1624480.99,2026-02
SHORT,F1,EXIT_STLINE,2026-02-16T00:00:00,2026-02-16T04:47:39.358000,4994.51,5010.22,0.5,0,-985731.81,2026-02
SHORT,F1,EXIT_STLINE,2026-02-16T20:30:00,2026-02-17T05:12:43.091000,4994.21,4928.11,0.5,0,4147477.55,2026-02
LONG,F1,EXIT_STLINE,2026-02-17T23:45:00,2026-02-18T07:38:08.211000,4905.31,4910.95,0.5,0,353884.62,2026-02
LONG,F1,EXIT_STLINE,2026-02-18T20:15:00,2026-02-18T20:17:14.274000,4977.3,4973.89,0.5,0,-213962.15,2026-02
LONG,F1,EXIT_STLINE,2026-02-18T20:30:00,2026-02-18T20:56:03.642000,4982.32,4973.76,0.5,0,-537101.48,2026-02
LONG,F1,EXIT_STLINE,2026-02-18T21:00:00,2026-02-18T21:00:14.751000,4976.36,4973.86,0.5,0,-156863.75,2026-02
SHORT,F1,EXIT_STLINE,2026-02-18T21:15:00,2026-02-19T02:06:05.488000,4967.8,4990.8,0.5,0,-1443146.5,2026-02
SHORT,F1,EXIT_STLINE,2026-02-19T02:15:00,2026-02-19T02:31:18.921000,4990.21,4990.87,0.5,0,-41412.03,2026-02
LONG,F1,EXIT_STLINE,2026-02-19T02:45:00,2026-02-19T06:36:07.640000,4996.35,4998.48,0.5,0,133647.91,2026-02
SHORT,F1,EXIT_STLINE,2026-02-19T22:15:00,2026-02-20T03:00:57.351000,5013.29,5014.64,0.5,0,-84706.43,2026-02
LONG,F1,EXIT_STLINE,2026-02-20T03:15:00,2026-02-20T09:30:57.699000,5016.96,5009.35,0.5,0,-477493.25,2026-02
SHORT,F1,EXIT_STLINE,2026-02-23T22:15:00,2026-02-24T12:45:43.609000,5185.32,5154.12,0.5,0,1957659.6,2026-02
SHORT,F1,EXIT_STLINE,2026-02-24T20:15:00,2026-02-24T22:07:58.600000,5135.6,5169.58,0.5,0,-2132092.09,2026-02
LONG,F1,EXIT_STLINE,2026-02-24T22:15:00,2026-02-25T07:20:44.347000,5175.27,5174.84,0.5,0,-26980.57,2026-02
SHORT,F1,EXIT_STLINE,2026-02-25T22:15:00,2026-02-25T22:15:23.343000,5187.49,5193.04,0.5,0,-348237.53,2026-02
SHORT,F1,EXIT_STLINE,2026-02-25T22:30:00,2026-02-25T22:41:30.944000,5180.38,5192.82,0.5,0,-780554.02,2026-02
SHORT,F1,EXIT_STLINE,2026-02-25T22:45:00,2026-02-25T22:52:44.661000,5189.35,5192.92,0.5,0,-224001.43,2026-02
SHORT,F1,EXIT_STLINE,2026-02-25T23:00:00,2026-02-25T23:00:05.313000,5191.36,5193.24,0.5,0,-117961.54,2026-02
SHORT,F1,EXIT_STLINE,2026-02-25T23:15:00,2026-02-26T00:18:09.193000,5182.83,5192.9,0.5,0,-631847.18,2026-02
SHORT,F1,EXIT_STLINE,2026-02-26T00:30:00,2026-02-26T00:57:08.408000,5188.19,5193.18,0.5,0,-313100.05,2026-02
SHORT,F1,EXIT_STLINE,2026-02-26T01:00:00,2026-02-26T01:00:00.077000,5192.53,5193.03,0.5,0,-31372.75,2026-02
LONG,F1,EXIT_STLINE,2026-02-26T01:15:00,2026-02-26T05:33:46.247000,5197.2,5173.46,0.5,0,-1489578.17,2026-02
LONG,F1,EXIT_STLINE,2026-02-26T22:15:00,2026-02-27T06:51:14.487000,5176.83,5172.34,0.5,0,-281727.29,2026-02
SHORT,F1,EXIT_STLINE,2026-03-03T03:00:00,2026-03-03T09:55:52.791000,5319.03,5213.57,0.5,0,6617140.43,2026-03
LONG,F1,EXIT_STLINE,2026-03-03T22:15:00,2026-03-04T03:06:30.285000,5159.84,5121.99,0.5,0,-2374917.18,2026-03
LONG,F1,EXIT_STLINE,2026-03-04T03:15:00,2026-03-04T09:41:23.032000,5142.35,5158.49,0.5,0,1012712.37,2026-03
SHORT,F1,EXIT_STLINE,2026-03-04T21:30:00,2026-03-04T21:40:50.620000,5173.36,5174.85,0.5,0,-93490.8,2026-03
SHORT,F1,EXIT_STLINE,2026-03-04T21:45:00,2026-03-04T21:49:10.524000,5171.28,5174.61,0.5,0,-208942.51,2026-03
SHORT,F1,EXIT_STLINE,2026-03-04T22:00:00,2026-03-04T22:00:51.180000,5172.41,5174.68,0.5,0,-142432.29,2026-03
LONG,F1,EXIT_STLINE,2026-03-04T22:15:00,2026-03-05T02:58:16.568000,5177.0,5152.16,0.5,0,-1558598.22,2026-03
SHORT,F1,EXIT_STLINE,2026-03-05T03:00:00,2026-03-05T06:06:22.018000,5148.44,5174.5,0.5,0,-1635147.73,2026-03
LONG,F1,EXIT_STLINE,2026-03-05T22:45:00,2026-03-06T05:31:55.138000,5118.77,5096.18,0.5,0,-1417420.85,2026-03
LONG,F1,EXIT_STLINE,2026-03-08T19:45:00,2026-03-08T19:48:01.735000,5126.29,5120.85,0.5,0,-341335.52,2026-03
LONG,F1,EXIT_STLINE,2026-03-08T20:00:00,2026-03-08T20:02:36.180000,5130.49,5121.07,0.5,0,-591062.61,2026-03
SHORT,F1,EXIT_STLINE,2026-03-08T20:15:00,2026-03-09T02:45:37.520000,5101.65,5123.44,0.5,0,-1367224.44,2026-03
LONG,F1,EXIT_STLINE,2026-03-09T03:00:00,2026-03-09T10:45:37.116000,5124.62,5072.77,0.5,0,-3253354.17,2026-03
LONG,F1,EXIT_STLINE,2026-03-11T22:45:00,2026-03-12T02:25:31.031000,5170.19,5137.0,0.5,0,-2082523.14,2026-03
LONG,F1,EXIT_STLINE,2026-03-12T02:30:00,2026-03-12T09:15:56.722000,5143.31,5165.88,0.5,0,1416165.93,2026-03
SHORT,F1,EXIT_STLINE,2026-03-12T21:00:00,2026-03-12T21:00:18.907000,5097.93,5100.29,0.5,0,-148079.38,2026-03
LONG,F1,EXIT_STLINE,2026-03-12T21:15:00,2026-03-13T03:21:18.660000,5106.33,5097.22,0.5,0,-571611.5,2026-03
LONG,F1,EXIT_STLINE,2026-03-16T23:00:00,2026-03-17T03:01:40.282000,5028.09,5013.67,0.5,0,-904790.11,2026-03
LONG,F1,EXIT_STLINE,2026-03-18T22:45:00,2026-03-19T03:19:03.322000,4866.09,4823.13,0.5,0,-2695546.68,2026-03
SHORT,F1,EXIT_STLINE,2026-03-22T22:45:00,2026-03-23T05:32:53.365000,4435.37,4257.54,0.5,0,11158032.26,2026-03
SHORT,F1,EXIT_STLINE,2026-03-23T21:45:00,2026-03-24T04:00:21.443000,4344.24,4410.08,0.5,0,-4131163.72,2026-03
LONG,F1,EXIT_STLINE,2026-03-26T23:15:00,2026-03-27T06:09:15.367000,4435.33,4422.94,0.5,0,-777416.75,2026-03
LONG,F1,EXIT_STLINE,2026-03-29T19:15:00,2026-03-29T20:05:59.972000,4497.49,4477.54,0.5,0,-1251772.72,2026-03
LONG,F1,EXIT_STLINE,2026-03-29T20:15:00,2026-03-29T20:19:44.289000,4478.95,4478.03,0.5,0,-57725.86,2026-03
SHORT,F1,EXIT_STLINE,2026-03-29T20:30:00,2026-03-29T23:44:03.714000,4472.16,4495.24,0.5,0,-1448166.14,2026-03
SHORT,F1,EXIT_STLINE,2026-03-29T23:45:00,2026-03-29T23:45:00.378000,4494.53,4495.16,0.5,0,-39529.67,2026-03
SHORT,F1,EXIT_STLINE,2026-03-30T00:00:00,2026-03-30T00:04:56.675000,4481.07,4495.33,0.5,0,-894750.83,2026-03
LONG,F1,EXIT_STLINE,2026-03-30T00:15:00,2026-03-30T10:55:25.358000,4504.85,4528.84,0.5,0,1505264.54,2026-03
LONG,F1,EXIT_STLINE,2026-03-30T22:00:00,2026-03-31T02:13:28.447000,4548.09,4547.7,0.5,0,-24470.75,2026-03
LONG,F1,EXIT_STLINE,2026-03-31T02:15:00,2026-03-31T04:19:16.485000,4550.7,4547.64,0.5,0,-192001.23,2026-03
LONG,F1,EXIT_STLINE,2026-04-01T01:30:00,2026-04-01T10:00:11.538000,4672.95,4717.91,0.5,0,2821037.68,2026-04
SHORT,F1,EXIT_STLINE,2026-04-01T22:15:00,2026-04-02T04:48:26.561000,4750.75,4645.44,0.5,0,6607728.61,2026-04
SHORT,F1,EXIT_STLINE,2026-04-05T18:15:00,2026-04-05T22:20:29.434000,4631.08,4667.71,0.5,0,-2298367.67,2026-04
SHORT,F1,EXIT_STLINE,2026-04-05T22:30:00,2026-04-06T01:07:39.907000,4661.01,4667.54,0.5,0,-409728.11,2026-04
LONG,F1,EXIT_STLINE,2026-04-06T01:15:00,2026-04-06T08:21:02.331000,4673.98,4667.1,0.5,0,-431689.04,2026-04
LONG,F1,EXIT_STLINE,2026-04-09T17:00:00,2026-04-09T18:30:36.400000,4768.84,4763.42,0.5,0,-340080.61,2026-04
SHORT,F1,EXIT_STLINE,2026-04-09T18:45:00,2026-04-10T07:30:41.838000,4761.12,4763.28,0.5,0,-135530.28,2026-04
LONG,F1,EXIT_STLINE,2026-04-12T21:15:00,2026-04-13T07:41:12.190000,4715.48,4707.06,0.5,0,-528317.11,2026-04
LONG,F1,EXIT_STLINE,2026-04-14T22:45:00,2026-04-14T22:47:43.831000,4828.65,4825.52,0.5,0,-196393.41,2026-04
SHORT,F1,EXIT_STLINE,2026-04-14T23:00:00,2026-04-15T09:38:29.074000,4823.77,4824.02,0.5,0,-15686.38,2026-04
SHORT,F1,EXIT_STLINE,2026-04-15T19:00:00,2026-04-15T19:09:11.198000,4807.41,4811.18,0.5,0,-236550.54,2026-04
LONG,F1,EXIT_STLINE,2026-04-15T19:15:00,2026-04-16T02:28:04.600000,4812.87,4815.43,0.5,0,160628.48,2026-04
LONG,F1,EXIT_STLINE,2026-04-16T02:30:00,2026-04-16T02:30:34.178000,4816.49,4815.41,0.5,0,-67765.14,2026-04
LONG,F1,EXIT_STLINE,2026-04-16T02:45:00,2026-04-16T04:02:25.276000,4824.44,4815.44,0.5,0,-564709.5,2026-04
SHORT,F1,EXIT_STLINE,2026-04-16T23:15:00,2026-04-16T23:18:09.383000,4795.8,4797.49,0.5,0,-106039.89,2026-04
SHORT,F1,EXIT_STLINE,2026-04-16T23:30:00,2026-04-17T00:34:06.225000,4793.94,4797.53,0.5,0,-225256.35,2026-04
LONG,F1,EXIT_STLINE,2026-04-17T00:45:00,2026-04-17T02:29:27.216000,4801.37,4783.33,0.5,0,-1131928.82,2026-04
LONG,F1,EXIT_STLINE,2026-04-17T02:30:00,2026-04-17T02:30:00.264000,4784.14,4783.38,0.5,0,-47686.58,2026-04
LONG,F1,EXIT_STLINE,2026-04-17T02:45:00,2026-04-17T03:42:07.578000,4785.81,4783.32,0.5,0,-156236.3,2026-04
SHORT,F1,EXIT_STLINE,2026-04-19T18:15:00,2026-04-19T21:04:43.032000,4790.21,4788.82,0.5,0,87216.25,2026-04
LONG,F1,EXIT_STLINE,2026-04-19T21:15:00,2026-04-20T21:40:41.194000,4794.04,4809.96,0.5,0,998908.36,2026-04
LONG,F1,EXIT_STLINE,2026-04-20T21:45:00,2026-04-20T21:47:43.088000,4813.81,4810.39,0.5,0,-214589.61,2026-04
SHORT,F1,EXIT_STLINE,2026-04-20T22:00:00,2026-04-21T18:00:20.330000,4810.14,4725.95,0.5,0,5282543.65,2026-04
LONG,F1,EXIT_STLINE,2026-04-22T06:15:00,2026-04-22T08:41:30.572000,4748.62,4746.96,0.5,0,-104157.53,2026-04
SHORT,F1,EXIT_STLINE,2026-04-22T08:45:00,2026-04-22T20:26:04.617000,4746.65,4736.9,0.5,0,611768.62,2026-04
LONG,F1,EXIT_STLINE,2026-04-22T20:30:00,2026-04-22T22:05:47.104000,4741.84,4716.5,0.5,0,-1589970.97,2026-04
SHORT,F1,EXIT_STLINE,2026-04-22T22:15:00,2026-04-23T07:54:29.219000,4707.18,4715.05,0.5,0,-493807.08,2026-04
SHORT,F1,EXIT_STLINE,2026-04-26T18:30:00,2026-04-26T21:00:00.905000,4686.44,4699.12,0.5,1,-795612.94,2026-04
SHORT,F1,EXIT_STLINE,2026-04-26T21:15:00,2026-04-26T21:23:51.060000,4692.69,4698.94,0.5,0,-392159.38,2026-04
SHORT,F1,EXIT_STLINE,2026-04-26T21:30:00,2026-04-26T21:31:06.370000,4697.97,4699.02,0.5,0,-65882.78,2026-04
SHORT,F1,EXIT_STLINE,2026-04-26T21:45:00,2026-04-26T21:45:17.480000,4697.78,4699.15,0.5,0,-85961.33,2026-04
LONG,F1,EXIT_STLINE,2026-04-26T22:00:00,2026-04-27T05:09:54.953000,4702.98,4704.54,0.5,0,97882.98,2026-04
SHORT,F1,EXIT_STLINE,2026-04-27T20:00:00,2026-04-27T20:01:33.770000,4692.0,4695.22,0.5,0,-202040.51,2026-04
LONG,F1,EXIT_STLINE,2026-04-27T20:15:00,2026-04-27T21:50:48.869000,4698.29,4682.12,0.5,0,-1014594.74,2026-04
SHORT,F1,EXIT_STLINE,2026-04-27T22:00:00,2026-04-28T08:49:58.413000,4670.52,4599.85,0.5,0,4434224.49,2026-04
SHORT,F1,EXIT_STLINE,2026-04-28T18:15:00,2026-04-28T20:00:35.091000,4596.37,4600.1,0.5,0,-234040.72,2026-04
LONG,F1,EXIT_STLINE,2026-04-28T20:15:00,2026-04-28T21:04:28.537000,4607.76,4581.7,0.5,0,-1635147.73,2026-04
LONG,F1,EXIT_STLINE,2026-04-28T21:15:00,2026-04-28T21:15:10.196000,4582.71,4581.77,0.5,0,-58980.77,2026-04
SHORT,F1,EXIT_STLINE,2026-04-28T21:30:00,2026-04-29T01:03:38.415000,4580.35,4607.32,0.5,0,-1692246.13,2026-04
SHORT,F1,EXIT_STLINE,2026-04-29T01:15:00,2026-04-29T11:40:05.881000,4600.93,4555.73,0.5,0,2836096.6,2026-04
SHORT,F1,EXIT_STLINE,2026-04-29T20:15:00,2026-04-29T20:45:20.642000,4557.92,4568.66,0.5,0,-673886.67,2026-04
LONG,F1,EXIT_STLINE,2026-04-29T21:00:00,2026-04-30T00:03:10.712000,4570.12,4552.08,0.5,0,-1131928.82,2026-04
LONG,F1,EXIT_STLINE,2026-04-30T00:15:00,2026-04-30T00:17:32.593000,4555.72,4552.18,0.5,0,-222119.07,2026-04
SHORT,F1,EXIT_STLINE,2026-04-30T00:30:00,2026-04-30T01:49:30.591000,4547.12,4568.2,0.5,0,-1322675.14,2026-04
SHORT,F1,EXIT_STLINE,2026-04-30T02:00:00,2026-04-30T02:03:42.812000,4562.47,4568.13,0.5,0,-355139.53,2026-04
SHORT,F1,EXIT_STLINE,2026-04-30T02:15:00,2026-04-30T02:18:22.448000,4566.03,4568.15,0.5,0,-133020.46,2026-04
LONG,F1,EXIT_STLINE,2026-04-30T02:30:00,2026-04-30T10:00:01.486000,4569.79,4609.99,0.5,0,2522369.1,2026-04
SHORT,F1,EXIT_STLINE,2026-04-30T22:30:00,2026-05-01T08:14:22.281000,4629.25,4586.78,0.5,0,2664801.39,2026-04
SHORT,F1,EXIT_STLINE,2026-05-04T21:15:00,2026-05-04T21:15:01.833000,4538.67,4539.39,0.5,0,-45176.76,2026-05
SHORT,F1,EXIT_STLINE,2026-05-04T21:30:00,2026-05-04T21:36:59.670000,4537.7,4539.64,0.5,0,-121726.27,2026-05
SHORT,F1,EXIT_STLINE,2026-05-04T21:45:00,2026-05-04T21:48:21.331000,4536.77,4539.43,0.5,0,-166903.03,2026-05
LONG,F1,EXIT_STLINE,2026-05-04T22:00:00,2026-05-05T12:32:42.869000,4541.38,4553.54,0.5,0,762985.28,2026-05
SHORT,F1,EXIT_STLINE,2026-05-05T18:15:00,2026-05-05T18:55:29.632000,4550.41,4566.77,0.5,0,-1026516.38,2026-05
LONG,F1,EXIT_STLINE,2026-05-05T19:00:00,2026-05-06T08:03:51.573000,4573.8,4682.77,0.5,0,6837377.14,2026-05
LONG,F1,EXIT_STLINE,2026-05-06T21:15:00,2026-05-07T12:01:35.134000,4710.1,4725.06,0.5,0,938672.68,2026-05
LONG,F1,EXIT_STLINE,2026-05-07T22:00:00,2026-05-08T03:25:29.633000,4723.27,4699.68,0.5,0,-1480166.35,2026-05
SHORT,F1,EXIT_STLINE,2026-05-11T21:30:00,2026-05-12T14:42:03.737000,4734.95,4694.53,0.5,0,2536173.11,2026-05
LONG,F1,EXIT_STLINE,2026-05-12T22:15:00,2026-05-12T22:17:48.403000,4701.85,4700.1,0.5,0,-109804.62,2026-05
SHORT,F1,EXIT_STLINE,2026-05-12T22:30:00,2026-05-13T02:18:04.493000,4700.19,4714.65,0.5,0,-907299.93,2026-05
SHORT,F1,EXIT_STLINE,2026-05-13T02:30:00,2026-05-13T12:10:27.574000,4708.62,4702.97,0.5,0,354512.07,2026-05
LONG,F1,EXIT_STLINE,2026-05-13T21:45:00,2026-05-13T21:52:32.721000,4689.13,4683.89,0.5,0,-328786.42,2026-05
LONG,F1,EXIT_STLINE,2026-05-13T22:00:00,2026-05-13T22:48:20.142000,4689.1,4683.47,0.5,0,-353257.17,2026-05
LONG,F1,EXIT_STLINE,2026-05-13T23:00:00,2026-05-13T23:07:15.483000,4686.69,4683.96,0.5,0,-171295.21,2026-05
SHORT,F1,EXIT_STLINE,2026-05-13T23:15:00,2026-05-14T00:26:57.270000,4682.86,4702.5,0.5,0,-1232321.62,2026-05
SHORT,F1,EXIT_STLINE,2026-05-14T00:30:00,2026-05-14T00:30:00.044000,4702.13,4702.63,0.5,0,-31372.75,2026-05
LONG,F1,EXIT_STLINE,2026-05-14T00:45:00,2026-05-14T09:37:30.156000,4705.25,4681.21,0.5,0,-1508401.82,2026-05
SHORT,F1,EXIT_STLINE,2026-05-17T22:30:00,2026-05-17T22:40:45.461000,4533.33,4539.85,0.5,0,-409100.66,2026-05
SHORT,F1,EXIT_STLINE,2026-05-17T22:45:00,2026-05-17T22:46:39.383000,4535.89,4539.92,0.5,0,-252864.36,2026-05
SHORT,F1,EXIT_STLINE,2026-05-17T23:00:00,2026-05-17T23:43:43.275000,4533.54,4539.89,0.5,0,-398433.93,2026-05
LONG,F1,EXIT_STLINE,2026-05-17T23:45:00,2026-05-18T11:02:27.940000,4545.93,4534.38,0.5,0,-724710.53,2026-05
LONG,F1,EXIT_STLINE,2026-05-18T18:15:00,2026-05-18T21:00:10.725000,4573.64,4561.04,0.5,0,-790593.3,2026-05
LONG,F1,EXIT_STLINE,2026-05-18T21:15:00,2026-05-18T21:18:16.720000,4566.24,4560.86,0.5,0,-337570.79,2026-05
SHORT,F1,EXIT_STLINE,2026-05-18T21:30:00,2026-05-19T20:30:02.195000,4559.01,4503.16,0.5,0,3504336.18,2026-05
LONG,F1,EXIT_STLINE,2026-05-19T20:45:00,2026-05-19T21:27:24.803000,4505.61,4477.54,0.5,0,-1761266.18,2026-05
SHORT,F1,EXIT_STLINE,2026-05-19T21:30:00,2026-05-20T04:55:07.263000,4473.57,4490.68,0.5,0,-1073575.51,2026-05
SHORT,F1,EXIT_STLINE,2026-05-20T22:30:00,2026-05-21T05:13:09.547000,4540.13,4540.38,0.5,0,-15686.38,2026-05
LONG,F1,EXIT_STLINE,2026-05-21T21:15:00,2026-05-21T21:35:12.508000,4529.93,4523.58,0.5,0,-398433.93,2026-05
LONG,F1,EXIT_STLINE,2026-05-21T21:45:00,2026-05-21T22:06:20.281000,4525.35,4523.63,0.5,0,-107922.26,2026-05
LONG,F1,EXIT_STLINE,2026-05-21T22:15:00,2026-05-21T22:20:01.327000,4528.15,4523.68,0.5,0,-280472.38,2026-05
LONG,F1,EXIT_STLINE,2026-05-21T22:30:00,2026-05-21T22:30:00.727000,4524.99,4523.4,0.5,0,-99765.35,2026-05
SHORT,F1,EXIT_STLINE,2026-05-21T22:45:00,2026-05-22T08:19:26.401000,4522.45,4536.42,0.5,0,-876554.64,2026-05
LONG,F1,EXIT_STLINE,2026-05-24T18:15:00,2026-05-25T02:05:14.732000,4555.65,4550.68,0.5,0,-311845.13,2026-05
LONG,F1,EXIT_STLINE,2026-05-25T02:15:00,2026-05-25T08:08:23.343000,4554.18,4557.22,0.5,0,190746.32,2026-05
SHORT,F1,EXIT_STLINE,2026-05-25T18:30:00,2026-05-25T18:48:01.293000,4573.01,4575.67,0.5,0,-166903.03,2026-05
SHORT,F1,EXIT_STLINE,2026-05-25T19:00:00,2026-05-25T19:00:11.984000,4574.69,4575.7,0.5,0,-63372.96,2026-05
LONG,F1,EXIT_STLINE,2026-05-25T19:15:00,2026-05-25T19:33:16.219000,4579.42,4561.98,0.5,0,-1094281.52,2026-05
SHORT,F1,EXIT_STLINE,2026-05-25T19:45:00,2026-05-26T18:00:07.672000,4556.52,4536.25,0.5,0,1271851.29,2026-05
SHORT,F1,EXIT_STLINE,2026-05-26T18:15:00,2026-05-26T18:58:02.786000,4504.65,4512.57,0.5,0,-496944.36,2026-05
SHORT,F1,EXIT_STLINE,2026-05-26T19:00:00,2026-05-26T19:00:15.137000,4510.86,4512.6,0.5,0,-109177.17,2026-05
SHORT,F1,EXIT_STLINE,2026-05-26T19:15:00,2026-05-26T19:29:59.915000,4508.7,4512.58,0.5,0,-243452.54,2026-05
SHORT,F1,EXIT_STLINE,2026-05-26T19:30:00,2026-05-26T19:30:00.266000,4512.09,4512.59,0.5,0,-31372.75,2026-05
LONG,F1,EXIT_STLINE,2026-05-26T19:45:00,2026-05-27T01:33:08.336000,4527.28,4494.93,0.5,0,-2029816.92,2026-05
SHORT,F1,EXIT_STLINE,2026-05-27T01:45:00,2026-05-27T08:22:12.541000,4493.27,4464.04,0.5,0,1834050.97,2026-05
SHORT,F1,EXIT_STLINE,2026-05-27T21:15:00,2026-05-28T06:09:56.873000,4437.91,4401.9,0.5,0,2259465.46,2026-05
LONG,F1,EXIT_STLINE,2026-06-01T20:30:00,2026-06-01T21:50:35.614000,4494.11,4469.77,0.5,0,-1527225.47,2026-06
LONG,F1,EXIT_STLINE,2026-06-01T22:00:00,2026-06-02T09:00:01.589000,4474.4,4512.85,0.5,0,2412564.48,2026-06
LONG,F1,EXIT_STLINE,2026-06-02T20:45:00,2026-06-02T21:07:54.528000,4496.23,4467.02,0.5,0,-1832796.05,2026-06
LONG,F1,EXIT_STLINE,2026-06-02T21:15:00,2026-06-02T21:24:37.489000,4471.62,4466.56,0.5,0,-317492.23,2026-06
SHORT,F1,EXIT_STLINE,2026-06-02T21:30:00,2026-06-03T18:57:16.410000,4467.25,4451.77,0.5,0,971300.34,2026-06
SHORT,F1,EXIT_STLINE,2026-06-03T19:00:00,2026-06-03T19:25:08.348000,4448.83,4451.88,0.5,0,-191373.78,2026-06
SHORT,F1,EXIT_STLINE,2026-06-03T19:30:00,2026-06-03T19:30:05.741000,4450.64,4451.69,0.5,0,-65882.77,2026-06
LONG,F1,EXIT_STLINE,2026-06-03T19:45:00,2026-06-04T10:38:43.687000,4453.93,4478.1,0.5,0,1516558.74,2026-06
SHORT,F1,EXIT_STLINE,2026-06-05T03:15:00,2026-06-05T03:15:21.628000,4458.32,4462.2,0.5,0,-243452.54,2026-06
LONG,F1,EXIT_STLINE,2026-06-05T03:30:00,2026-06-05T08:30:18.573000,4467.52,4448.84,0.5,0,-1172085.94,2026-06
LONG,F1,EXIT_STLINE,2026-06-07T20:30:00,2026-06-07T21:20:16.345000,4351.75,4313.69,0.5,0,-2388093.73,2026-06
LONG,F1,EXIT_STLINE,2026-06-07T21:30:00,2026-06-07T21:30:01.185000,4315.12,4313.68,0.5,0,-90353.52,2026-06
LONG,F1,EXIT_STLINE,2026-06-07T21:45:00,2026-06-07T22:16:38.311000,4326.59,4313.76,0.5,0,-805024.76,2026-06
LONG,F1,EXIT_STLINE,2026-06-07T22:30:00,2026-06-07T22:30:01.187000,4315.36,4313.71,0.5,0,-103530.07,2026-06
LONG,F1,EXIT_STLINE,2026-06-07T22:45:00,2026-06-07T22:51:05.854000,4316.26,4313.71,0.5,0,-160001.03,2026-06
SHORT,F1,EXIT_STLINE,2026-06-07T23:00:00,2026-06-08T07:14:59.345000,4310.37,4318.22,0.5,0,-492552.18,2026-06
LONG,F1,EXIT_STLINE,2026-06-08T19:45:00,2026-06-08T19:45:40.022000,4320.14,4316.55,0.5,0,-225256.35,2026-06
LONG,F1,EXIT_STLINE,2026-06-08T20:00:00,2026-06-08T20:00:16.936000,4318.09,4316.22,0.5,0,-117334.08,2026-06
LONG,F1,EXIT_STLINE,2026-06-08T20:15:00,2026-06-08T20:29:44.181000,4322.92,4316.42,0.5,0,-407845.75,2026-06
LONG,F1,EXIT_STLINE,2026-06-08T20:30:00,2026-06-08T20:30:23.539000,4317.14,4316.55,0.5,0,-37019.85,2026-06
LONG,F1,EXIT_STLINE,2026-06-08T20:45:00,2026-06-08T20:48:11.814000,4318.81,4316.48,0.5,0,-146197.02,2026-06
LONG,F1,EXIT_STLINE,2026-06-08T21:00:00,2026-06-09T03:39:15.673000,4320.06,4322.02,0.5,0,122981.18,2026-06
SHORT,F1,EXIT_STLINE,2026-06-10T02:00:00,2026-06-10T02:00:01.710000,4205.04,4206.26,0.5,0,-76549.51,2026-06
LONG,F1,EXIT_STLINE,2026-06-10T02:15:00,2026-06-10T04:01:00.372000,4213.26,4178.74,0.5,0,-2165974.66,2026-06
LONG,F1,EXIT_STLINE,2026-06-10T21:15:00,2026-06-10T22:41:43.409000,4087.08,4057.37,0.5,0,-1864168.81,2026-06
LONG,F1,EXIT_STLINE,2026-06-10T22:45:00,2026-06-10T22:45:02.915000,4059.89,4057.34,0.5,0,-160001.02,2026-06
LONG,F1,EXIT_STLINE,2026-06-10T23:00:00,2026-06-10T23:27:02.343000,4068.25,4057.3,0.5,0,-687063.22,2026-06
LONG,F1,EXIT_STLINE,2026-06-10T23:30:00,2026-06-11T08:20:16.336000,4063.58,4070.87,0.5,0,457414.69,2026-06
SHORT,F1,EXIT_STLINE,2026-06-11T21:15:00,2026-06-12T04:16:54.237000,4186.94,4207.39,0.5,0,-1283145.48,2026-06
LONG,F1,EXIT_STLINE,2026-06-15T02:15:00,2026-06-15T02:19:09.642000,4309.11,4304.21,0.5,0,-307452.95,2026-06
LONG,F1,EXIT_STLINE,2026-06-15T02:30:00,2026-06-15T02:30:00.284000,4305.3,4304.23,0.5,0,-67137.69,2026-06
LONG,F1,EXIT_STLINE,2026-06-15T02:45:00,2026-06-15T02:47:25.876000,4306.8,4304.26,0.5,0,-159373.57,2026-06
LONG,F1,EXIT_STLINE,2026-06-15T03:00:00,2026-06-15T12:52:15.318000,4308.85,4334.99,0.5,0,1640167.37,2026-06
LONG,F1,EXIT_STLINE,2026-06-15T23:45:00,2026-06-16T09:57:19.734000,4332.25,4332.15,0.5,0,-6274.55,2026-06
LONG,F1,EXIT_STLINE,2026-06-16T21:15:00,2026-06-17T00:29:15.618000,4348.13,4324.4,0.5,0,-1488950.72,2026-06
SHORT,F1,EXIT_STLINE,2026-06-17T00:30:00,2026-06-17T09:22:58.777000,4324.35,4338.37,0.5,0,-879691.91,2026-06
LONG,F1,EXIT_STLINE,2026-06-17T20:15:00,2026-06-18T03:57:36.449000,4297.86,4289.27,0.5,0,-538983.84,2026-06
LONG,F1,EXIT_STLINE,2026-06-21T18:15:00,2026-06-21T19:35:52.791000,4151.79,4142.74,0.5,0,-567846.78,2026-06
LONG,F1,EXIT_STLINE,2026-06-21T19:45:00,2026-06-21T19:46:48.130000,4145.97,4143.14,0.5,0,-177569.76,2026-06
SHORT,F1,EXIT_STLINE,2026-06-21T20:00:00,2026-06-21T20:16:26.610000,4140.4,4167.88,0.5,0,-1724246.34,2026-06
SHORT,F1,EXIT_STLINE,2026-06-21T20:30:00,2026-06-21T20:30:00.085000,4167.39,4167.89,0.5,0,-31372.75,2026-06
LONG,F1,EXIT_STLINE,2026-06-21T20:45:00,2026-06-21T23:17:11.411000,4176.26,4176.3,0.5,0,2509.82,2026-06
LONG,F1,EXIT_STLINE,2026-06-21T23:30:00,2026-06-21T23:39:41.143000,4180.41,4176.3,0.5,0,-257884.0,2026-06
SHORT,F1,EXIT_STLINE,2026-06-21T23:45:00,2026-06-22T02:45:10.982000,4175.49,4204.19,0.5,0,-1800795.85,2026-06
SHORT,F1,EXIT_STLINE,2026-06-22T03:00:00,2026-06-22T05:05:26.949000,4197.51,4204.18,0.5,0,-418512.49,2026-06
LONG,F1,EXIT_STLINE,2026-06-23T17:00:00,2026-06-23T18:20:10.973000,4112.46,4109.38,0.5,0,-193256.14,2026-06
SHORT,F1,EXIT_STLINE,2026-06-23T18:30:00,2026-06-24T02:07:56.203000,4106.02,4090.92,0.5,0,947457.05,2026-06
LONG,F1,EXIT_STLINE,2026-06-24T02:15:00,2026-06-24T06:17:23.021000,4096.65,4055.52,0.5,0,-2580722.41,2026-06
SHORT,F1,EXIT_STLINE,2026-06-25T22:30:00,2026-06-26T01:30:03.076000,4007.42,4020.64,0.5,0,-829495.51,2026-06
SHORT,F1,EXIT_STLINE,2026-06-26T01:45:00,2026-06-26T02:22:03.080000,4011.21,4020.33,0.5,0,-572238.96,2026-06
LONG,F1,EXIT_STLINE,2026-06-26T02:30:00,2026-06-28T18:18:32.905000,4024.56,4056.9,0.5,0,2029189.47,2026-06
SHORT,F1,EXIT_STLINE,2026-06-30T00:45:00,2026-06-30T02:23:39.777000,3988.32,3996.17,0.5,0,-492552.17,2026-06
LONG,F1,EXIT_STLINE,2026-06-30T02:30:00,2026-06-30T08:58:12.243000,4012.35,4009.91,0.5,0,-153099.02,2026-06
LONG,F1,EXIT_STLINE,2026-07-01T21:15:00,2026-07-03T09:12:10.463000,4065.48,4165.68,0.5,0,6287099.1,2026-07
SHORT,F1,EXIT_STLINE,2026-07-05T18:15:00,2026-07-05T18:15:00.399000,4181.01,4182.15,0.5,0,-71529.87,2026-07
LONG,F1,EXIT_STLINE,2026-07-05T18:30:00,2026-07-05T20:01:27.743000,4185.17,4175.52,0.5,0,-605494.07,2026-07
SHORT,F1,EXIT_STLINE,2026-07-05T20:15:00,2026-07-05T21:48:11.502000,4174.74,4203.01,0.5,0,-1773815.29,2026-07
SHORT,F1,EXIT_STLINE,2026-07-05T22:00:00,2026-07-06T13:49:00.758000,4185.84,4160.13,0.5,0,1613186.81,2026-07
LONG,F1,EXIT_STLINE,2026-07-06T20:30:00,2026-07-06T20:37:16.575000,4160.17,4152.31,0.5,0,-493179.63,2026-07
SHORT,F1,EXIT_STLINE,2026-07-06T20:45:00,2026-07-07T07:25:30.991000,4149.52,4145.24,0.5,0,268550.74,2026-07
SHORT,F1,EXIT_STLINE,2026-07-08T23:15:00,2026-07-09T01:51:15.379000,4058.75,4082.03,0.5,0,-1460715.24,2026-07
SHORT,F1,EXIT_STLINE,2026-07-09T02:00:00,2026-07-09T02:00:00.492000,4081.87,4082.37,0.5,0,-31372.75,2026-07
LONG,F1,EXIT_STLINE,2026-07-09T02:15:00,2026-07-09T21:39:35.432000,4092.44,4112.66,0.5,0,1268714.01,2026-07
SHORT,F1,EXIT_STLINE,2026-07-09T21:45:00,2026-07-09T23:07:05.794000,4111.57,4133.62,0.5,0,-1383538.28,2026-07
SHORT,F1,EXIT_STLINE,2026-07-09T23:15:00,2026-07-10T08:13:57.283000,4126.45,4115.85,0.5,0,665102.3,2026-07
SHORT,F1,EXIT_STLINE,2026-07-12T18:15:00,2026-07-13T04:23:14.846000,4081.33,4080.07,0.5,0,79059.33,2026-07
LONG,F1,EXIT_STLINE,2026-07-13T22:15:00,2026-07-14T14:41:24.248000,4016.99,4048.47,0.5,0,1975228.34,2026-07
SHORT,F1,EXIT_STLINE,2026-07-15T21:00:00,2026-07-16T07:46:41.719000,4044.41,4039.85,0.5,0,286119.48,2026-07
SHORT,F1,EXIT_STLINE,2026-07-16T21:30:00,2026-07-16T23:18:08.923000,3990.88,3995.9,0.5,0,-314982.41,2026-07
LONG,F1,EXIT_STLINE,2026-07-16T23:30:00,2026-07-17T08:40:12.232000,4001.27,3976.24,0.5,0,-1570519.87,2026-07
SHORT,F1,EXIT_STLINE,2026-07-19T18:30:00,2026-07-19T21:00:07.888000,3994.71,4012.16,0.5,0,-1094908.97,2026-07
SHORT,F1,EXIT_STLINE,2026-07-19T21:15:00,2026-07-19T22:33:01.029000,4009.98,4012.01,0.5,0,-127373.37,2026-07
LONG,F1,EXIT_STLINE,2026-07-19T22:45:00,2026-07-20T08:15:28.085000,4015.14,4009.96,0.5,0,-325021.69,2026-07
LONG,F1,EXIT_STLINE,2026-07-20T20:45:00,2026-07-21T07:04:22.176000,4022.76,4058.04,0.5,0,2213661.24,2026-07
LONG,F1,EXIT_STLINE,2026-07-22T02:30:00,2026-07-22T02:30:01.254000,4117.85,4117.13,0.5,0,-45176.76,2026-07
LONG,F1,EXIT_STLINE,2026-07-22T02:45:00,2026-07-22T02:49:04.764000,4119.02,4117.01,0.5,0,-126118.46,2026-07
SHORT,F1,EXIT_STLINE,2026-07-22T03:00:00,2026-07-22T08:28:52.094000,4116.34,4132.76,0.5,0,-1030281.11,2026-07
